x0,x1,x2,x3,x4,x5,x6,x7,x8,x9,x10,x11,value,Timestamp
0,0,0,0,0,0,0,0,0,0,0,0,-1.0661086493179344,58
2,3,3,1,2,0,2,2,3,0,1,0,-0.5400662794919292,67
2,2,0,0,2,2,2,3,1,3,0,1,-0.5400662794919292,76
3,2,3,2,0,1,3,2,2,3,0,1,-0.5310513494337629,85
0,1,2,2,2,0,1,1,3,0,3,0,-0.5400662794919292,93
1,1,1,0,0,3,3,3,2,3,1,3,-0.7368568629773994,103
1,3,2,0,2,2,3,0,3,3,1,1,-0.8075949294340151,112
0,0,1,3,3,3,0,2,1,1,0,3,-0.5490812095500958,121
3,2,2,3,0,2,1,2,3,2,0,2,-0.2725376295498433,130
0,2,1,3,3,2,1,2,2,0,3,1,-0.5490812095500955,139
3,1,3,1,0,1,1,0,1,1,1,0,-0.5400662794919292,149
3,3,3,0,1,1,2,1,3,1,1,3,-0.5400662794919292,159
2,3,1,0,3,0,1,0,1,2,3,2,-0.7368568629773994,167
2,0,3,2,3,2,3,1,3,3,1,1,-0.5400662794919292,177
2,0,1,3,1,3,2,0,0,0,2,0,-0.343275696006459,185
3,0,3,0,3,1,0,3,0,2,2,3,-0.7368568629773994,194
3,1,2,1,3,0,2,1,1,0,1,3,-0.27253762954984356,203
0,2,1,1,0,3,1,0,1,3,1,3,-0.2725376295498433,212
2,1,1,1,2,2,3,1,1,2,1,0,-0.5400662794919292,221
1,2,3,2,3,3,1,2,2,2,2,2,-0.5400662794919292,231
3,2,2,3,0,1,0,0,1,2,1,1,-0.7458717930355657,240
2,1,2,0,3,3,3,2,3,2,1,2,-0.7368568629773994,250
3,1,3,3,0,2,3,1,3,0,1,3,-0.5400662794919292,259
0,3,2,1,3,1,2,2,3,1,1,0,-0.7458717930355657,268
2,2,1,1,0,3,3,2,3,3,3,3,-0.2725376295498433,278
1,3,0,0,2,3,0,3,0,3,3,2,-0.5400662794919292,287
2,3,3,0,1,3,2,2,3,3,1,3,-0.3342607659482927,296
2,2,2,1,1,1,2,3,0,3,1,2,-0.343275696006459,306
2,1,3,0,2,1,2,0,1,3,1,3,-0.5400662794919292,315
2,1,2,1,3,0,2,2,3,1,0,2,-0.5310513494337629,325
2,2,0,3,1,0,0,0,3,1,3,0,-0.5310513494337629,333
0,0,0,3,3,1,1,0,0,2,1,2,-0.7368568629773994,341
0,3,3,0,2,2,1,3,3,3,2,0,-0.5400662794919292,350
1,1,0,0,3,3,0,2,3,2,1,3,-0.8075949294340151,359
2,3,2,1,3,1,2,1,0,0,2,1,-0.5400662794919292,368
2,2,2,3,0,0,0,0,0,2,1,2,-0.5490812095500958,376
0,2,3,1,2,2,2,2,0,1,0,2,-0.27253762954984356,385
2,3,0,0,1,1,3,1,2,2,2,1,-0.35229062606462536,394
1,3,1,2,2,1,3,2,1,1,0,0,-0.727841932919233,403
0,2,2,1,2,3,2,3,0,3,1,1,-0.27253762954984356,412
0,3,2,2,2,2,0,0,3,2,2,0,-0.343275696006459,421
1,0,0,0,3,3,3,2,1,3,3,0,-0.343275696006459,430
2,1,1,2,3,1,2,3,2,2,3,0,-0.5490812095500955,439
1,3,1,3,1,2,1,0,1,1,0,3,-0.27253762954984356,449
1,0,1,1,3,1,2,1,2,3,2,0,-0.5310513494337629,458
1,0,2,1,2,1,3,3,3,1,2,0,-0.8075949294340148,467
0,3,0,0,0,1,3,2,1,2,0,3,-0.8075949294340151,476
3,2,1,1,3,0,3,1,0,3,2,3,-0.35229062606462536,485
2,0,1,2,3,2,3,1,1,3,3,3,-0.5400662794919292,496
0,0,0,2,3,1,3,0,2,2,1,3,-0.5400662794919292,505
3,1,2,2,2,1,1,0,1,0,3,2,-0.343275696006459,514
3,1,2,0,2,1,3,0,1,2,0,1,-0.5400662794919292,523
1,1,1,0,1,1,2,1,3,0,1,1,-0.5400662794919292,533
3,1,1,3,0,0,3,2,2,2,0,2,-0.5400662794919292,542
1,3,1,2,1,1,2,3,3,2,1,2,-0.7368568629773994,552
2,0,2,1,0,3,1,0,3,2,0,2,-0.343275696006459,560
1,3,3,2,2,1,2,1,0,2,0,0,-0.5490812095500955,569
2,3,3,2,2,0,1,1,3,2,0,2,-0.5400662794919292,578
0,2,1,1,3,3,0,0,0,3,2,0,-0.2725376295498433,586
3,1,0,1,0,3,3,2,3,0,1,1,-0.27253762954984356,595
2,1,0,3,2,1,2,0,2,0,2,3,-0.27253762954984356,604
3,2,0,0,0,3,3,3,3,2,2,1,-0.27253762954984356,612
0,3,2,2,3,2,0,3,0,1,1,1,-0.5400662794919292,621
2,3,3,3,2,0,1,3,1,2,2,0,-0.7368568629773994,630
1,3,1,2,3,1,3,1,1,2,2,2,-0.5400662794919292,640
1,2,2,0,1,1,3,0,1,0,0,0,-0.8075949294340151,649
2,2,3,3,1,2,0,0,2,2,2,1,-0.5490812095500955,657
0,2,2,3,1,3,0,0,1,0,0,0,-0.8075949294340148,665
0,1,1,2,0,0,3,0,0,1,1,1,-1.0661086493179344,674
0,1,1,1,0,2,1,3,1,1,0,1,-0.8075949294340151,683
1,2,1,2,0,0,3,2,1,1,1,1,-0.8075949294340148,692
2,2,0,0,3,1,3,1,2,2,1,3,-0.5400662794919292,701
2,1,1,1,2,1,3,3,3,3,0,3,-0.8075949294340151,710
0,3,2,1,0,0,0,0,1,3,2,2,-0.5400662794919292,718
2,3,1,3,3,1,0,2,0,2,0,2,-0.7368568629773994,727
1,0,3,1,3,2,1,2,3,2,1,1,-0.8075949294340148,737
2,0,2,1,0,1,1,2,1,2,2,1,-0.5400662794919292,746
3,3,3,0,0,3,1,1,3,0,0,0,-0.5400662794919292,754
2,2,0,2,1,2,0,2,3,3,0,2,-0.7458717930355657,763
0,2,0,3,2,1,3,0,1,1,3,3,-0.2725376295498433,771
0,3,2,1,2,1,0,3,3,1,0,2,-0.2725376295498433,780
0,0,1,2,3,2,3,2,3,0,0,0,-0.5400662794919292,788
3,3,0,3,3,1,2,1,0,2,2,1,-0.8075949294340151,797
1,3,3,3,2,3,3,2,1,3,1,1,-0.7368568629773994,807
0,0,3,3,1,3,1,1,1,0,3,3,-0.5310513494337629,816
1,0,2,1,3,0,3,2,3,1,1,1,-0.5400662794919292,826
1,1,0,2,3,3,0,1,0,1,1,0,-0.27253762954984356,834
3,0,1,1,1,0,3,2,0,1,0,0,-0.5400662794919292,843
1,1,1,1,1,3,3,1,2,0,2,1,-0.5400662794919292,852
2,1,1,3,1,1,3,2,0,0,2,2,-0.5400662794919292,861
3,3,1,3,3,2,3,2,2,1,2,3,-0.5400662794919292,871
2,0,2,2,3,3,0,1,1,3,2,0,-0.5490812095500955,880
1,2,0,2,0,3,1,1,0,3,3,1,-0.5400662794919292,889
1,3,0,1,1,2,0,1,1,0,0,0,-0.8075949294340148,897
3,0,2,1,1,0,0,1,1,1,3,0,-0.5400662794919292,906
1,1,2,0,0,0,2,2,0,2,1,3,-0.5400662794919292,914
1,2,3,2,2,0,2,0,0,2,0,0,-0.2725376295498433,922
2,1,0,2,1,1,2,1,2,2,1,1,-0.35229062606462536,931
0,2,3,3,3,0,3,1,3,1,1,3,-0.5400662794919292,940
3,3,0,2,3,0,0,0,3,0,2,3,-0.5400662794919292,949
3,1,3,1,1,1,1,2,2,0,3,2,-0.5400662794919292,958
2,1,3,2,0,3,1,0,0,3,2,0,-0.27253762954984356,967
1,2,2,1,1,3,0,0,2,2,1,3,-0.8075949294340151,976
2,1,2,0,2,3,1,2,3,3,0,1,-0.5400662794919292,985
3,0,3,0,1,0,3,3,1,2,0,2,-0.343275696006459,993
0,3,1,3,0,3,1,2,3,0,0,2,-0.5400662794919292,1002
3,2,3,0,1,1,0,3,2,0,2,0,-0.5400662794919292,1010
2,1,0,1,2,3,2,2,2,0,0,0,-0.27253762954984356,1019
2,0,1,1,0,3,0,0,1,2,3,2,-0.5400662794919292,1027
3,0,3,0,0,2,2,1,1,0,0,0,0.004005950450408635,1035
1,2,3,2,2,3,0,3,0,1,3,1,-0.5400662794919292,1044
2,3,0,3,2,2,2,3,3,1,3,0,-0.2725376295498433,1053
2,1,1,3,2,1,2,0,2,3,0,1,-0.27253762954984356,1062
3,0,0,2,2,0,1,0,0,3,2,1,-0.5400662794919292,1070
0,2,3,2,0,0,1,1,2,1,2,3,-0.27253762954984356,1078
3,1,0,1,1,0,2,2,1,1,1,2,-0.343275696006459,1088
3,3,1,0,2,3,2,3,3,1,3,1,-0.5400662794919292,1097
2,2,1,3,3,1,1,1,2,1,3,1,-0.5400662794919292,1107
0,3,2,2,3,1,3,1,1,1,2,0,-0.343275696006459,1117
2,0,0,2,1,2,3,2,0,0,3,2,-0.3342607659482927,1125
2,1,1,0,3,3,3,0,2,1,0,0,-0.5400662794919292,1133
3,0,0,3,0,1,2,2,2,1,0,2,-0.3342607659482927,1142
2,1,0,0,0,0,0,0,0,2,0,0,-0.27253762954984356,1149
3,1,2,1,1,3,0,2,0,1,2,2,-0.5400662794919292,1158
1,2,1,2,0,0,2,2,2,2,1,2,-0.8075949294340151,1167
2,1,2,2,3,1,1,1,3,1,0,3,-0.5400662794919292,1176
1,2,1,1,1,1,2,0,1,2,0,3,-0.8075949294340148,1186
0,3,2,1,0,0,1,0,3,0,2,1,-0.7368568629773994,1194
0,3,0,1,0,3,3,1,3,1,2,2,-0.8075949294340151,1203
0,1,0,2,0,2,0,3,3,1,1,0,-0.5400662794919292,1211
3,1,1,2,1,3,0,1,0,1,2,0,-0.5400662794919292,1220
0,3,3,0,1,0,3,1,1,0,1,1,-0.5310513494337629,1229
1,2,1,1,1,0,2,1,3,2,3,3,-0.7458717930355657,1238
3,3,0,2,1,2,0,0,3,3,3,2,-0.2725376295498433,1247
0,2,0,3,3,1,2,2,3,3,0,3,0.004005950450408635,1256
0,0,2,0,0,1,1,3,3,2,0,1,-0.343275696006459,1264
0,3,0,0,2,0,0,0,3,3,3,1,-0.2725376295498433,1272
1,2,3,3,1,1,1,2,0,3,2,0,-0.5400662794919292,1281
0,1,0,1,1,1,0,2,0,3,1,3,-0.5400662794919292,1290
1,0,0,0,1,0,3,3,2,2,2,0,-0.5400662794919292,1298
3,1,0,0,2,3,2,3,2,3,3,2,-0.5400662794919292,1307
0,1,0,2,1,3,0,1,2,1,0,0,-0.5400662794919292,1316
3,2,2,0,2,2,3,2,2,2,3,2,-0.8075949294340151,1325
1,2,0,3,3,2,1,1,3,2,3,2,-0.8075949294340148,1334
1,0,1,0,2,3,0,0,2,3,2,1,-0.3342607659482927,1343
1,0,2,3,0,2,2,0,1,2,3,0,-1.0661086493179344,1351
2,0,0,1,3,2,0,1,2,1,3,3,-0.7368568629773994,1360
3,0,0,2,0,0,0,3,1,2,2,0,-0.2725376295498433,1367
3,1,2,1,1,3,0,0,1,3,2,0,-0.5400662794919292,1377
1,2,1,3,2,0,0,3,0,1,2,2,-0.7368568629773994,1385
3,3,2,0,2,1,0,2,2,1,0,0,-0.5400662794919292,1394
3,1,2,3,0,2,1,1,2,0,0,3,-0.5400662794919292,1403
2,2,2,1,0,2,2,2,2,2,2,0,-0.5490812095500952,1411
0,1,0,3,0,1,2,2,2,2,0,2,-0.27253762954984356,1419
1,0,2,1,3,0,0,1,1,0,0,2,-0.5400662794919292,1428
0,0,0,1,0,1,1,3,3,3,1,3,-0.5400662794919292,1436
0,0,0,0,2,2,3,3,1,3,2,2,-0.7368568629773994,1444
3,2,3,1,3,2,2,1,0,2,0,0,-0.5400662794919292,1453
0,1,3,3,0,2,0,1,1,2,0,3,-0.5400662794919292,1461
0,0,2,1,1,1,2,1,2,0,1,0,-0.5400662794919292,1469
0,3,3,1,2,0,3,3,2,1,0,2,-0.5490812095500952,1478
1,1,3,3,0,1,2,2,2,3,3,3,-0.5400662794919292,1487
0,1,2,2,2,2,1,2,1,0,0,0,-0.7368568629773994,1495
3,3,1,1,2,0,3,0,0,2,1,3,-0.5400662794919292,1504
0,1,2,1,2,1,0,1,3,2,1,3,-0.5400662794919292,1513
2,0,1,2,0,2,0,0,2,0,0,1,-0.5490812095500952,1521
0,1,2,1,1,2,0,1,3,0,1,0,-0.8075949294340148,1530
1,0,1,2,3,3,3,1,2,3,0,2,-0.727841932919233,1540
2,0,1,3,2,3,1,2,0,3,2,3,-1.0661086493179344,1550
0,0,0,1,1,2,0,0,0,1,1,0,-0.5400662794919292,1557
3,1,2,0,3,1,2,0,3,3,0,0,-0.7368568629773994,1567
2,1,2,3,3,3,2,3,0,2,1,0,-0.5400662794919292,1576
2,3,2,0,3,1,2,2,0,1,0,2,-0.5400662794919292,1585
1,0,1,3,2,3,0,0,1,2,1,0,-0.5400662794919292,1593
1,1,1,2,3,0,2,1,2,2,2,2,-0.5400662794919292,1603
2,3,3,3,2,1,2,2,0,0,3,3,-0.8075949294340148,1612
3,1,1,0,1,0,1,0,1,3,3,2,-0.5490812095500958,1621
0,0,2,3,2,0,3,3,3,0,2,3,-0.2725376295498433,1629
1,0,1,0,0,0,1,3,0,3,0,3,-0.5400662794919292,1637
2,2,3,3,1,3,1,0,0,1,2,3,-0.2725376295498433,1646
0,3,0,2,0,1,2,3,1,3,3,2,-0.5400662794919292,1655
1,1,1,0,3,3,1,0,3,3,3,3,-0.7458717930355657,1665
2,1,2,3,3,1,1,3,3,0,3,3,-0.5400662794919292,1674
1,1,2,0,2,0,2,1,1,3,0,3,-0.3342607659482927,1683
1,1,1,3,0,0,2,1,2,3,2,2,-0.727841932919233,1692
2,2,1,3,2,2,0,0,0,3,1,3,-0.8075949294340148,1700
3,1,3,2,1,2,0,0,1,3,0,0,-0.8075949294340151,1709
1,2,2,0,2,3,0,1,3,1,1,2,-0.5400662794919292,1719
3,3,1,1,1,0,1,0,1,0,3,2,0.004005950450408635,1728
1,1,1,3,2,1,1,3,3,1,2,1,-0.5400662794919292,1738
2,0,3,0,0,2,0,3,0,1,0,1,-0.27253762954984356,1746
0,0,0,2,1,2,0,2,2,1,3,3,-0.343275696006459,1754
1,1,2,0,2,2,1,2,2,2,0,2,-0.5400662794919292,1763
0,0,0,1,1,3,3,1,1,0,3,0,-0.35229062606462536,1771
0,1,3,2,0,1,1,3,1,3,3,3,-0.5400662794919292,1780
2,1,1,3,1,2,2,2,1,1,1,3,-0.5310513494337629,1790
3,2,2,2,3,1,2,2,2,3,0,1,-0.5400662794919292,1799
0,0,2,0,0,0,0,3,0,2,0,1,-0.5490812095500952,1806
1,1,2,3,1,1,3,2,2,3,1,0,-0.5400662794919292,1816
1,1,1,1,2,1,1,3,2,0,0,2,-0.5400662794919292,1825
0,1,2,1,2,2,0,3,0,0,2,2,-0.27253762954984356,1833
1,3,3,2,1,3,0,1,0,1,0,3,-0.343275696006459,1842
3,2,0,0,3,3,3,0,1,0,0,1,-0.8075949294340151,1851
2,0,3,1,0,0,2,3,2,3,3,1,-0.8075949294340148,1859
3,1,1,0,1,3,3,1,1,1,1,3,-0.35229062606462536,1869
0,1,3,2,1,3,3,1,0,3,2,2,-0.5400662794919292,1878
3,1,0,2,1,3,2,3,1,0,3,3,-0.2725376295498433,1888
3,3,3,1,1,3,2,2,2,3,3,0,-0.3342607659482927,1898
2,1,1,3,2,3,3,2,0,0,0,3,-0.8075949294340148,1907
1,0,3,3,2,1,2,0,3,1,0,3,-0.5400662794919292,1915
1,2,1,2,1,2,3,3,3,0,3,1,-0.5400662794919292,1925
2,0,3,2,3,1,3,3,3,2,3,3,-0.5310513494337629,1934
0,0,3,3,0,0,0,3,0,3,3,0,-0.8075949294340148,1942
1,0,1,1,2,2,3,3,2,3,2,2,-0.5400662794919292,1951
3,3,3,1,3,1,2,1,0,2,3,2,-0.5400662794919292,1961
0,0,2,1,2,1,1,3,3,1,2,3,-0.343275696006459,1970
1,3,2,3,1,2,3,2,1,0,0,3,-0.5490812095500955,1979
2,3,0,1,1,3,0,0,3,2,1,0,-0.5400662794919292,1988
1,3,3,2,1,1,1,0,2,1,0,0,-0.5400662794919292,1997
1,2,3,2,2,1,0,2,1,2,2,1,-0.5400662794919292,2006
3,2,3,1,3,2,2,2,1,0,0,3,-0.5400662794919292,2015
3,3,3,2,3,1,3,1,3,1,0,0,-0.35229062606462536,2025
1,3,0,0,1,3,2,3,2,1,3,2,-0.27253762954984356,2034
0,0,1,1,3,1,0,3,2,3,3,1,-0.5400662794919292,2043
0,0,2,0,0,2,1,2,0,2,0,1,-1.0661086493179344,2050
1,2,0,2,1,3,2,3,3,1,1,2,-0.343275696006459,2060
3,0,2,3,3,1,0,0,2,0,1,3,-0.8075949294340151,2069
0,2,0,2,2,2,2,2,0,3,2,3,-0.27253762954984356,2077
1,2,3,2,1,1,3,2,0,1,3,0,-0.5400662794919292,2087
1,0,0,1,0,3,1,3,0,3,3,2,-0.5400662794919292,2095
1,2,3,3,0,1,1,1,1,2,2,0,-0.5400662794919292,2104
1,3,1,0,1,0,3,1,1,0,1,3,-0.5400662794919292,2113
1,1,1,1,2,0,0,3,0,2,1,0,-0.5400662794919292,2122
0,1,3,1,3,0,0,3,1,1,0,1,-0.5490812095500958,2130
1,1,0,2,2,2,2,1,1,1,2,2,-0.5490812095500955,2140
0,2,1,3,1,0,1,0,2,2,2,2,-0.5490812095500955,2148
1,1,0,1,0,0,1,2,1,3,3,2,-0.5400662794919292,2157
1,0,0,1,3,3,1,3,3,1,2,1,-0.8075949294340148,2167
0,3,2,2,2,3,3,3,0,3,1,0,-0.27253762954984356,2175
0,0,2,3,0,3,2,0,3,1,0,0,-0.2725376295498433,2183
3,0,0,2,2,0,1,1,2,1,2,1,-0.5400662794919292,2192
2,1,0,3,0,1,3,0,0,2,0,3,-0.27253762954984356,2201
1,0,3,3,0,2,3,2,0,2,2,1,-0.8075949294340151,2214
3,0,1,3,3,3,1,2,2,3,2,3,-0.5400662794919292,2224
2,2,3,2,2,2,1,1,1,3,0,0,-0.7368568629773994,2233
1,2,0,3,1,3,2,0,0,2,3,3,-0.2725376295498433,2241
2,3,1,2,1,3,3,0,2,1,1,1,-0.5400662794919292,2252
3,3,0,3,2,3,2,0,3,3,0,1,-0.5400662794919292,2261
1,0,3,2,2,2,1,3,3,2,3,0,-0.2725376295498433,2269
3,2,1,1,1,0,2,3,0,3,2,1,-0.5490812095500955,2278
2,3,3,2,1,1,1,1,3,3,2,1,-0.5400662794919292,2288
1,3,3,1,1,3,1,3,1,2,1,2,-0.5400662794919292,2298
2,0,3,2,0,3,3,2,3,1,1,0,-0.2725376295498433,2307
1,3,3,0,3,2,3,2,1,1,1,1,-1.0661086493179344,2316
1,3,1,1,2,3,2,2,0,1,1,3,-0.5400662794919292,2326
1,2,1,0,3,3,2,3,2,2,3,0,-0.5400662794919292,2335
1,0,0,2,2,2,3,0,0,0,1,2,-0.8075949294340151,2342
2,0,1,0,0,2,2,3,1,1,1,2,-0.5400662794919292,2351
3,1,2,2,2,2,1,3,2,3,0,2,-0.343275696006459,2360
1,0,1,2,2,1,3,3,2,3,3,3,-0.7368568629773994,2369
3,1,3,2,3,3,3,1,2,1,0,3,-0.5400662794919292,2378
3,3,3,0,0,1,2,0,3,3,0,3,-0.5400662794919292,2387
2,0,0,1,1,3,3,3,3,1,1,2,-0.5400662794919292,2396
3,3,0,3,3,3,0,0,3,3,1,1,-0.5400662794919292,2405
0,3,2,1,2,1,0,3,2,3,3,0,-1.0661086493179344,2413
1,0,1,2,1,1,0,1,0,2,3,3,-0.5400662794919292,2422
0,2,0,0,1,1,2,2,3,1,2,1,-1.0661086493179344,2430
1,3,0,1,2,2,3,3,0,0,3,3,-0.343275696006459,2439
2,1,1,2,3,1,0,0,0,1,1,2,-0.5400662794919292,2447
3,0,1,3,3,2,1,1,3,2,1,2,-0.5400662794919292,2456
1,3,0,1,2,2,0,1,1,0,2,1,-0.5400662794919292,2465
1,1,3,0,3,3,3,0,3,2,0,3,-0.5400662794919292,2474
2,1,3,0,3,1,1,3,3,1,3,0,-0.5400662794919292,2483
0,2,0,2,1,0,3,3,0,1,2,3,-0.7368568629773994,2491
1,0,2,3,0,1,2,2,2,2,0,1,-0.5400662794919292,2500
1,1,2,1,0,2,0,3,1,0,2,2,-0.343275696006459,2508
3,3,1,2,2,0,2,0,0,2,2,1,-0.5400662794919292,2516
1,3,2,2,0,2,2,0,0,2,0,2,-0.7368568629773994,2524
0,0,2,0,0,3,2,3,1,3,2,1,-0.7368568629773994,2533
3,3,2,2,1,0,1,0,3,3,3,1,-0.8075949294340151,2542
3,2,3,2,0,2,2,1,1,1,0,0,-0.8075949294340148,2551
2,2,1,3,3,1,0,0,0,1,3,0,-0.8075949294340151,2560
2,3,2,0,1,2,3,3,3,1,0,0,-0.5400662794919292,2569
3,2,1,3,2,1,3,1,3,3,1,2,-0.5400662794919292,2579
2,1,3,2,0,0,2,3,3,3,2,2,-0.5400662794919292,2588
1,0,1,1,3,2,0,0,0,2,2,3,-0.5400662794919292,2596
2,1,3,3,0,1,0,0,3,3,3,2,-0.5400662794919292,2605
1,3,3,2,1,3,2,0,0,1,0,1,-0.343275696006459,2614
3,2,1,3,0,3,3,0,3,1,1,0,-0.5400662794919292,2623
3,3,3,3,1,1,0,0,3,3,2,0,-0.5400662794919292,2632
3,3,2,0,3,1,0,0,3,2,2,0,-0.2725376295498433,2640
3,2,0,0,1,0,0,3,0,1,0,3,-0.5400662794919292,2648
2,2,2,2,1,1,2,3,0,0,1,0,-0.5400662794919292,2656
2,3,3,2,2,3,0,1,2,1,0,3,-0.27253762954984356,2665
0,2,1,0,1,2,2,2,2,0,3,2,-0.5490812095500955,2674
3,2,0,1,1,1,2,1,2,1,1,0,-0.7368568629773994,2683
3,3,1,2,1,0,3,3,2,1,0,0,-0.5400662794919292,2692
0,2,3,1,3,1,3,0,2,0,1,1,-0.5400662794919292,2700
0,2,1,3,1,2,2,2,3,2,2,0,-0.5400662794919292,2709
2,1,3,3,0,0,0,0,1,1,0,1,-0.343275696006459,2717
1,1,2,0,2,1,0,3,3,0,0,1,-0.5400662794919292,2725
1,1,3,3,0,3,2,0,2,1,3,2,-0.5400662794919292,2734
2,1,2,1,2,1,1,1,2,3,2,1,0.004005950450408635,2744
2,1,3,3,3,3,2,3,2,3,1,3,-0.2725376295498433,2753
0,2,2,1,0,0,0,1,1,1,2,1,-0.5400662794919292,2761
3,3,2,2,0,3,3,2,1,2,1,1,-0.5400662794919292,2771
1,1,0,0,3,2,2,1,0,2,3,2,-0.8075949294340148,2779
2,0,1,2,0,1,1,1,2,1,1,1,-0.8075949294340148,2788
1,0,3,1,2,0,0,3,2,2,2,0,-0.8075949294340151,2795
3,3,0,1,0,1,1,1,1,0,1,2,-0.5400662794919292,2804
2,2,0,0,2,1,0,3,1,2,1,3,-0.5400662794919292,2812
2,3,0,0,2,2,3,3,3,3,2,2,-0.5400662794919292,2821
3,1,2,0,0,3,2,2,0,3,3,3,-0.7368568629773994,2830
0,1,3,3,0,3,3,3,1,3,1,0,-0.8075949294340151,2839
2,3,2,1,3,1,2,1,1,1,3,1,-0.5490812095500952,2848
3,0,1,0,3,2,0,1,3,2,2,2,-0.727841932919233,2857
2,3,0,2,0,0,0,2,1,3,1,2,-0.2725376295498433,2866
1,1,1,1,1,0,3,1,1,2,1,1,-0.8075949294340151,2875
1,3,0,0,1,3,0,3,3,1,2,2,-0.343275696006459,2884
0,1,0,1,2,2,2,0,3,0,0,0,-0.5400662794919292,2891
2,2,2,0,3,2,2,2,0,2,1,0,-0.5310513494337629,2900
2,0,0,2,2,0,3,3,1,1,2,0,-0.7368568629773994,2908
2,0,3,1,1,0,0,0,0,3,2,0,-0.5400662794919292,2915
2,2,2,2,2,1,0,0,2,3,1,2,0.004005950450408635,2923
0,0,3,1,1,2,3,0,1,1,2,3,-0.5400662794919292,2932
0,2,1,0,2,0,2,1,1,1,3,3,-0.5400662794919292,2940
0,1,2,3,1,3,3,1,0,2,1,0,-0.343275696006459,2949
1,1,2,2,0,3,1,2,2,0,2,0,-0.5490812095500955,2957
1,3,2,3,0,1,1,1,1,3,0,0,-0.5400662794919292,2966
1,3,2,1,2,3,0,2,3,1,0,0,-0.5400662794919292,2975
2,1,1,1,3,0,0,1,1,1,2,2,-1.0661086493179344,2984
1,2,0,3,3,3,2,2,3,0,3,2,-0.5490812095500952,2992
2,3,0,0,0,2,1,0,3,0,2,2,-0.7368568629773994,3000
3,3,0,2,2,2,0,1,2,1,2,0,-0.5400662794919292,3009
1,1,1,3,3,2,1,2,1,3,2,1,-0.8075949294340148,3018
0,2,1,0,2,1,3,3,1,3,3,2,-0.5400662794919292,3027
3,0,1,3,3,3,0,1,3,2,1,3,-0.5400662794919292,3036
0,0,0,1,2,1,2,2,3,2,1,3,-0.5400662794919292,3045
0,2,1,0,2,3,3,1,1,0,2,0,-0.5400662794919292,3053
0,2,0,2,1,2,2,1,1,1,2,3,-0.5490812095500955,3061
0,2,2,0,2,1,3,2,0,1,3,3,-0.5490812095500958,3070
3,1,1,2,1,2,3,0,3,0,1,3,-0.8075949294340148,3079
0,0,2,0,3,1,3,0,0,0,1,0,-0.343275696006459,3086
2,2,0,3,2,0,1,2,3,0,1,2,-0.8075949294340151,3094
3,2,1,2,3,1,1,3,2,2,1,1,-0.7368568629773994,3103
3,0,3,1,0,1,2,2,2,2,0,2,-0.5400662794919292,3112
2,2,1,1,1,1,3,0,0,3,2,0,-0.2725376295498433,3120
0,0,0,3,3,3,1,0,0,1,1,2,-0.2725376295498433,3128
0,3,0,0,0,3,2,3,2,0,3,0,-0.5490812095500958,3136
0,1,1,0,0,3,2,0,3,1,3,2,-0.5400662794919292,3145
0,1,3,3,1,1,2,0,3,2,3,1,-0.5400662794919292,3154
1,3,0,3,0,3,1,3,0,0,3,0,-0.5400662794919292,3162
2,3,2,3,3,1,2,3,0,1,3,0,-0.2725376295498433,3171
3,3,1,2,1,3,0,2,1,3,1,3,-0.5400662794919292,3180
1,3,3,0,3,2,0,0,2,1,0,1,-0.2725376295498433,3189
3,0,1,3,3,1,1,2,0,2,0,1,-0.5400662794919292,3197
2,3,1,3,0,2,3,2,2,2,3,0,-0.8075949294340148,3207
1,1,3,0,1,1,1,1,1,1,3,2,-0.5310513494337629,3218
3,2,1,2,2,0,1,2,3,2,1,0,0.004005950450408635,3227
0,1,3,0,2,2,2,0,0,3,0,2,0.004005950450408635,3235
1,2,0,0,2,0,3,1,2,3,3,1,-0.5400662794919292,3244
2,2,3,0,3,3,0,2,1,2,3,1,-0.8075949294340148,3253
3,1,2,2,0,2,2,3,2,1,2,2,-0.5400662794919292,3262
2,2,0,3,2,3,2,1,0,3,1,0,-0.8075949294340148,3270
2,3,2,1,3,1,2,0,2,3,3,1,-0.5400662794919292,3279
0,0,3,2,1,1,2,1,0,3,1,0,-0.7368568629773994,3288
2,3,0,2,2,2,1,0,1,2,1,3,-0.5400662794919292,3296
0,2,2,2,3,0,3,3,1,3,1,1,-0.5400662794919292,3305
0,2,3,2,2,1,3,3,0,0,0,2,-0.27253762954984356,3313
3,3,3,3,2,1,0,0,0,1,1,0,-0.5400662794919292,3322
2,3,2,0,2,2,3,1,3,0,3,3,-0.5400662794919292,3330
3,2,2,3,2,1,1,1,2,3,2,1,-0.343275696006459,3340
2,0,3,0,1,3,0,0,0,1,0,0,-0.8075949294340151,3348
0,2,2,3,2,1,0,1,3,0,2,2,-0.5400662794919292,3356
2,3,0,0,1,1,1,1,3,1,0,0,-0.7368568629773994,3365
1,2,1,2,3,2,3,1,3,0,0,2,-0.7368568629773994,3374
2,0,3,1,3,0,3,2,2,3,2,1,-0.7368568629773994,3382
0,2,3,1,1,3,1,2,0,3,3,3,-0.8075949294340151,3391
2,3,2,3,2,2,3,3,3,0,3,1,-0.5400662794919292,3400
1,2,2,0,3,1,1,0,0,0,0,1,-0.2725376295498433,3408
1,3,3,2,2,0,3,0,1,3,2,3,-1.0661086493179344,3417
1,1,1,1,3,1,2,0,0,3,2,2,-0.5490812095500955,3427
0,3,2,2,0,0,0,1,3,1,3,0,-0.5400662794919292,3435
1,2,2,0,0,1,3,2,2,1,1,2,-0.7458717930355657,3444
1,2,1,2,1,3,0,1,3,2,0,3,-0.5400662794919292,3453
3,3,2,1,3,1,3,3,3,0,1,0,-0.8075949294340151,3462
0,0,2,2,0,2,3,1,1,0,1,0,-0.2725376295498433,3470
1,3,0,2,2,2,2,3,2,3,1,1,-0.5400662794919292,3479
1,3,3,3,2,2,2,3,1,2,2,0,-0.7458717930355657,3488
3,2,2,3,0,0,0,3,1,2,1,2,-0.8075949294340151,3496
0,3,3,0,2,0,3,0,0,2,3,0,-0.27253762954984356,3504
3,3,2,0,2,2,2,1,2,3,0,2,-0.5400662794919292,3513
0,1,2,2,3,2,0,0,3,0,1,2,-0.27253762954984356,3521
3,2,2,1,2,2,1,2,3,3,0,0,-0.5400662794919292,3529
3,1,1,1,2,1,3,0,1,2,0,1,-0.5400662794919292,3538
1,1,2,3,2,1,1,0,1,3,0,3,-0.8075949294340148,3548
3,1,3,0,2,1,1,3,1,0,2,1,-0.5400662794919292,3557
3,1,3,1,0,2,1,3,1,2,1,3,-0.5400662794919292,3566
1,0,3,3,0,1,2,0,3,0,0,0,-0.7368568629773994,3573
1,1,1,0,2,3,0,3,1,1,1,3,-0.5400662794919292,3582
1,2,1,2,2,2,2,0,0,2,2,1,-0.8075949294340151,3591
3,0,3,2,2,1,1,0,3,0,1,1,-0.3342607659482927,3599
0,1,2,2,3,1,1,0,2,3,0,3,-0.7368568629773994,3608
3,0,1,3,0,0,1,1,3,2,3,0,-0.2725376295498433,3616
2,1,0,1,3,3,3,0,3,1,0,0,-0.5400662794919292,3624
2,0,1,2,2,0,2,2,3,2,0,1,-0.8075949294340151,3632
0,2,0,1,1,1,0,0,3,0,3,3,-0.8075949294340148,3640
0,1,3,1,0,2,0,3,2,3,3,0,0.004005950450408635,3649
3,1,2,3,1,3,1,1,3,1,1,1,-0.5400662794919292,3658
0,2,2,0,3,2,0,3,3,3,1,0,-0.5490812095500955,3666
1,3,2,2,3,2,0,2,3,2,1,2,-0.5400662794919292,3676
1,3,1,0,3,2,2,2,1,0,1,3,-0.5400662794919292,3685
1,0,1,1,0,3,3,2,2,0,3,3,-0.343275696006459,3693
1,0,0,2,0,0,3,2,1,1,1,0,-0.343275696006459,3701
0,1,1,0,1,1,3,0,3,3,0,2,-0.343275696006459,3710
0,1,0,3,0,3,3,3,3,2,2,0,-0.343275696006459,3718
2,0,3,2,0,3,3,1,3,2,2,0,-0.5400662794919292,3726
1,2,1,1,0,0,3,3,0,2,3,0,-0.8075949294340151,3734
0,0,2,1,1,3,0,2,2,1,3,2,-0.8075949294340151,3743
0,0,1,2,2,1,0,0,2,2,0,1,-0.8075949294340148,3751
1,2,1,1,1,1,0,3,0,3,2,3,-0.727841932919233,3760
0,2,2,3,1,0,2,2,2,1,1,0,-0.5400662794919292,3768
1,3,3,1,3,0,3,0,1,3,2,0,-0.8075949294340148,3777
0,1,3,0,2,0,1,0,0,1,1,1,0.004005950450408635,3785
2,2,2,0,0,2,1,0,1,2,2,3,-0.2725376295498433,3793
0,1,3,3,3,0,2,1,0,2,2,2,-0.343275696006459,3801
1,3,3,0,0,1,2,2,1,0,1,1,-0.5400662794919292,3810
3,2,2,1,3,1,3,1,0,2,0,0,-0.2725376295498433,3818
0,3,0,1,1,1,3,0,1,3,0,3,-0.343275696006459,3827
3,1,3,3,3,2,2,2,0,3,2,3,-0.5400662794919292,3836
3,2,3,1,3,2,2,2,3,0,1,3,-0.343275696006459,3845
1,1,2,2,2,3,1,2,3,2,2,2,-0.5400662794919292,3855
3,1,1,2,0,1,0,0,0,2,1,2,-0.3342607659482927,3863
1,3,2,1,3,0,0,2,2,2,1,0,-0.5400662794919292,3871
2,2,1,0,3,2,1,0,1,1,0,1,-0.5400662794919292,3880
0,0,2,3,3,0,0,0,0,2,3,0,-0.5490812095500955,3887
0,1,0,1,2,1,2,0,3,1,1,3,-0.5400662794919292,3896
3,2,3,0,1,2,2,3,3,2,3,0,-0.5490812095500955,3904
3,1,2,0,3,0,1,0,2,2,0,2,-0.27253762954984356,3913
1,3,2,3,0,2,3,0,3,0,2,0,-0.5400662794919292,3921
1,1,3,2,1,1,3,0,0,3,1,3,-0.7368568629773994,3930
3,0,3,3,1,1,0,0,1,1,3,3,-0.8075949294340148,3939
0,0,0,3,2,0,0,1,3,3,3,1,-0.5400662794919292,3947
1,1,1,1,0,3,3,0,0,2,2,3,-0.5400662794919292,3955
2,1,1,2,0,3,0,2,0,0,0,3,0.004005950450408635,3963
2,2,0,2,1,2,1,0,3,0,2,1,-0.5400662794919292,3971
2,0,1,2,1,2,0,2,2,3,3,1,-0.7368568629773994,3980
3,1,2,1,3,2,2,0,3,2,3,2,-0.5400662794919292,3989
2,2,2,2,1,2,0,1,0,2,3,3,-0.727841932919233,3997
1,1,0,0,3,1,3,0,3,2,1,2,-0.2725376295498433,4006
2,0,0,2,0,2,0,2,1,1,0,3,-0.5400662794919292,4014
0,0,0,2,1,2,2,3,3,0,3,3,-0.7368568629773994,4022
1,3,0,0,3,3,1,3,0,0,2,0,0.004005950450408635,4030
3,1,1,2,0,3,2,1,2,3,1,2,-0.5400662794919292,4039
2,1,2,0,2,2,1,2,1,0,2,2,-0.7368568629773994,4048
3,0,1,2,2,0,0,0,2,2,1,0,-0.8075949294340151,4056
1,1,3,2,1,2,0,0,1,3,1,1,-0.8075949294340151,4065
2,1,1,3,3,3,1,3,1,1,2,0,-0.8075949294340151,4074
1,0,1,2,1,0,1,1,1,3,0,1,-0.5400662794919292,4082
0,3,2,3,2,3,1,2,0,0,3,3,-0.27253762954984356,4091
3,0,3,2,2,0,1,1,1,3,3,3,-0.5400662794919292,4099
1,0,2,2,0,2,0,3,0,1,3,2,-0.7368568629773994,4107
3,0,2,1,0,2,2,2,1,0,2,1,-0.5490812095500952,4116
0,0,1,3,3,3,1,3,3,2,1,0,-0.3342607659482927,4124
2,1,0,2,0,1,0,1,3,0,2,2,-0.8075949294340151,4132
3,2,0,0,3,0,3,0,3,3,0,2,-0.5400662794919292,4140
3,2,1,3,0,3,2,1,1,0,2,1,-0.27253762954984356,4149
3,2,3,1,0,2,3,2,3,1,0,2,-0.8075949294340148,4158
3,0,3,3,2,1,0,3,0,3,1,1,-0.5400662794919292,4167
1,0,2,1,2,1,3,0,1,2,2,0,-0.7368568629773994,4175
1,0,0,0,3,2,0,3,2,0,1,3,-0.343275696006459,4183
1,1,1,0,2,0,1,3,3,1,0,1,-0.727841932919233,4191
1,0,3,3,1,3,3,3,0,0,2,3,-0.5400662794919292,4200
1,0,3,0,0,0,1,0,2,3,3,0,-0.5400662794919292,4207
2,3,0,0,2,3,3,3,2,2,1,2,0.004005950450408635,4216
1,1,3,1,1,1,2,3,1,2,1,3,-0.27253762954984356,4227
0,3,3,3,1,3,1,0,2,2,3,1,-0.5400662794919292,4236
2,1,3,0,1,3,0,1,3,1,1,0,-0.5310513494337629,4245
3,1,2,3,2,0,2,0,0,2,2,2,-0.5400662794919292,4253
3,0,1,0,0,0,0,2,1,1,1,0,-0.343275696006459,4261
2,0,1,2,3,3,3,1,2,1,2,1,-0.5400662794919292,4270
3,2,1,3,3,1,3,1,3,0,0,1,-0.5490812095500955,4279
3,3,1,3,0,1,2,0,0,0,1,2,-0.5400662794919292,4287
2,3,1,0,0,1,0,3,2,1,3,1,-0.8075949294340148,4296
0,1,0,0,3,1,0,2,1,2,3,2,-0.5400662794919292,4304
3,2,1,2,2,0,3,0,2,1,2,2,-0.7368568629773994,4313
3,1,0,3,2,2,1,1,2,1,0,2,-0.727841932919233,4321
3,0,0,0,1,3,0,3,1,3,1,0,-0.343275696006459,4330
0,3,3,3,3,2,1,2,2,2,0,0,-0.5400662794919292,4338
1,3,3,0,0,1,1,2,2,2,1,2,-0.5490812095500955,4347
0,0,2,0,1,3,0,2,2,2,3,1,-0.5400662794919292,4355
3,1,0,2,0,3,3,1,0,0,1,3,-0.5310513494337629,4363
3,0,2,1,1,3,1,3,3,0,2,1,-1.0661086493179344,4372
2,1,1,2,0,1,2,3,0,3,1,0,-0.27253762954984356,4381
3,3,2,0,2,3,1,2,0,2,0,2,-0.5490812095500955,4389
1,3,0,0,0,0,2,1,3,0,3,1,-0.5400662794919292,4397
0,3,1,0,1,2,1,1,0,0,3,2,-0.343275696006459,4405
3,0,2,3,1,0,1,3,0,1,3,1,-0.5400662794919292,4413
3,0,0,2,2,0,1,0,1,0,2,0,-0.2725376295498433,4421
1,2,1,0,0,3,0,2,1,1,3,3,-0.5400662794919292,4430
0,0,0,0,0,0,1,0,0,0,0,0,-1.0661086493179344,5095
0,3,1,0,0,0,3,0,0,1,0,1,-1.0661086493179344,5731
1,3,3,1,3,0,0,3,3,1,0,0,-0.27253762954984356,5845
0,0,1,0,0,0,3,0,0,0,0,1,-1.0661086493179344,6464
0,0,2,0,0,2,0,0,0,0,0,0,-0.5490812095500952,7089
0,0,3,2,1,2,3,3,1,3,0,2,-0.343275696006459,7201
0,0,1,0,0,2,1,1,0,0,0,0,-0.5490812095500952,7820
0,2,1,1,0,0,3,0,0,0,3,0,-0.5490812095500952,8430
3,3,3,3,0,0,0,3,2,3,1,3,-0.3342607659482927,8546
0,1,1,2,3,0,0,1,0,1,0,0,-0.5400662794919292,9147
0,0,3,0,0,2,1,2,0,3,0,1,-0.8075949294340148,9798
1,1,1,0,0,0,3,0,0,0,0,1,-0.5400662794919292,10397
0,0,1,0,0,0,0,0,0,0,2,1,-1.0661086493179344,11022
0,0,1,1,0,0,1,0,1,2,1,1,-0.2725376295498433,11630
0,1,1,0,0,0,2,0,0,1,1,1,-0.5490812095500952,12277
0,0,0,2,1,0,2,1,2,0,0,2,-0.35229062606462536,12390
0,0,0,0,0,0,1,0,0,0,0,2,-1.0661086493179344,13029
0,1,0,0,0,0,0,0,0,0,2,1,-0.8075949294340148,13676
0,0,1,1,0,0,1,0,0,0,2,1,-1.0661086493179344,14303
0,0,1,0,0,0,1,0,0,0,1,1,-1.0661086493179344,14961
0,1,3,2,1,1,0,3,2,1,3,1,-0.7368568629773994,15077
0,0,0,0,0,0,3,0,0,1,1,0,-0.8075949294340148,15728
0,0,0,3,0,0,0,0,0,0,0,1,-1.0661086493179344,16321
0,3,0,2,0,0,3,0,0,1,0,1,-0.5490812095500952,16975
0,0,1,0,0,0,3,0,0,0,0,3,-1.0661086493179344,17611
1,2,0,2,0,0,1,0,0,1,1,0,-0.7368568629773994,17725
0,0,0,3,0,0,3,0,0,0,2,3,-1.0661086493179344,18344
0,3,1,3,0,0,3,0,0,1,2,2,-0.8075949294340148,19000
3,1,0,0,1,2,1,0,3,3,2,3,-0.2725376295498433,19119
0,3,2,1,2,2,0,3,2,3,3,0,-1.0661086493179344,19771
0,3,3,0,2,2,1,2,2,3,3,0,-0.5490812095500952,20427
1,2,3,0,3,2,3,3,1,2,1,1,-0.5400662794919292,21045
0,0,0,3,0,0,2,0,0,0,0,0,-1.0661086493179344,21672
0,0,1,3,0,0,0,0,0,0,0,0,-1.0661086493179344,22327
2,0,1,3,2,3,1,2,0,3,1,3,-1.0661086493179344,22989
2,0,2,1,1,3,2,2,0,2,0,1,-0.5400662794919292,23667
0,0,2,3,0,0,1,0,0,0,2,2,-1.0661086493179344,24314
2,0,2,3,2,3,1,2,0,3,2,3,-1.0661086493179344,24947
2,0,1,3,2,3,0,3,0,3,0,3,-0.8075949294340148,25648
0,0,3,0,0,0,1,0,0,0,2,3,-1.0661086493179344,26301
0,2,0,0,1,1,2,2,3,1,1,1,-1.0661086493179344,26901
0,2,3,1,0,1,3,3,1,3,0,3,-0.7368568629773994,27024
0,3,2,1,2,1,0,2,2,3,3,0,-0.8075949294340148,27687
2,0,2,2,2,3,1,2,0,3,1,3,-1.0661086493179344,28299
0,1,0,2,3,2,2,0,1,3,3,1,-0.5490812095500958,28426
0,0,2,2,3,3,1,2,0,3,1,3,-0.2725376295498433,29088
2,0,1,3,1,3,1,2,0,3,2,3,-0.8075949294340151,29701
0,3,2,1,0,1,0,3,3,3,3,0,-0.8075949294340151,30327
0,2,0,0,1,1,2,2,3,1,0,1,-1.0661086493179344,30962
2,0,1,0,0,0,1,0,0,0,2,2,-0.5490812095500958,31636
2,0,1,3,2,2,2,0,0,2,3,3,-0.5490812095500952,32273
3,0,0,0,1,3,1,3,3,0,2,2,0.004005950450408635,32924
0,0,3,2,0,0,0,0,0,0,0,2,-1.0661086493179344,33582
3,0,2,0,2,2,1,2,0,0,3,3,-0.8075949294340151,33701
2,1,1,2,0,1,3,0,0,0,2,0,-0.5490812095500958,33820
3,0,2,3,2,3,1,2,0,3,3,0,-0.727841932919233,34477
0,0,0,3,0,0,0,1,0,0,0,3,-1.0661086493179344,35098
0,0,2,0,0,0,2,1,0,0,0,0,-1.0661086493179344,35733
0,0,3,0,0,0,1,1,0,0,0,0,-1.0661086493179344,36399
1,0,2,0,2,3,1,3,0,3,1,3,-0.5400662794919292,37034
0,0,0,0,0,0,1,2,0,0,0,1,-1.0661086493179344,37712
0,2,0,0,2,1,2,2,3,1,0,1,-0.8075949294340151,38328
1,3,0,0,1,1,0,2,3,1,2,1,-0.5400662794919292,38985
2,0,0,3,2,3,1,2,0,3,1,3,-1.0661086493179344,39643
2,1,1,3,1,1,3,1,1,2,0,3,-0.5400662794919292,39764
3,2,0,3,1,0,3,2,0,3,3,1,-0.5490812095500955,39885
2,0,2,3,3,3,1,2,0,3,2,3,-0.8075949294340151,40495
2,0,1,2,2,3,1,2,0,3,0,3,-1.0661086493179344,41131
0,3,0,0,1,1,2,2,3,3,1,1,-0.7458717930355657,41762
3,0,0,3,2,3,1,1,0,3,1,3,-0.5400662794919292,42401
1,0,2,3,0,0,1,2,0,0,0,0,-0.8075949294340151,43098
2,0,1,3,2,3,1,2,0,2,1,3,-0.8075949294340148,43765
3,1,3,3,0,0,2,2,1,1,3,0,-0.5400662794919292,43891
0,2,1,0,1,1,2,3,3,2,1,1,-0.5400662794919292,44517
2,0,0,0,2,3,1,2,0,3,2,3,-1.0661086493179344,45141
0,0,0,0,2,0,0,0,0,0,0,1,0.004005950450408635,45780
0,2,0,0,0,0,3,2,3,1,3,1,-0.5400662794919292,46456
2,0,0,0,2,3,1,2,0,3,0,2,-1.0661086493179344,47113
2,0,1,1,2,2,1,2,0,3,0,3,-0.8075949294340148,47813
0,3,0,0,1,2,2,2,3,1,2,1,-1.0661086493179344,48438
0,0,0,0,0,0,0,0,0,0,2,0,-1.0661086493179344,49104
0,0,2,0,0,0,3,3,0,0,0,0,-1.0661086493179344,49783
3,0,2,0,1,3,1,3,3,0,2,2,-1.0661086493179344,50433
3,0,2,0,1,3,0,3,3,0,2,2,-0.8075949294340151,51090
2,0,0,0,3,3,1,2,0,3,3,2,-0.8075949294340151,51758
0,0,1,0,0,0,1,3,0,0,0,3,-1.0661086493179344,52415
1,3,3,2,1,0,3,0,1,3,2,3,-1.0661086493179344,53057
1,3,0,2,2,1,0,2,0,2,3,1,-0.7458717930355657,53182
1,3,3,2,2,0,3,0,1,3,0,3,-1.0661086493179344,53850
1,3,3,0,1,0,3,0,1,2,0,3,-0.8075949294340148,54524
0,2,0,1,1,1,2,2,3,1,2,1,-1.0661086493179344,55149
1,2,3,3,3,2,3,2,2,0,3,2,-0.5400662794919292,55277
1,3,3,3,3,0,3,0,1,3,3,3,-0.8075949294340148,55954
2,0,0,3,2,3,1,2,0,3,2,2,-1.0661086493179344,56623
0,2,0,1,1,1,0,2,2,0,3,0,-0.5400662794919292,57301
0,0,2,0,0,0,1,3,0,0,2,0,-1.0661086493179344,57971
3,3,2,3,2,3,1,3,3,1,0,0,-0.5400662794919292,58101
0,0,1,1,0,0,0,0,0,0,3,0,-1.0661086493179344,58767
0,0,3,3,0,0,0,3,0,0,0,3,-1.0661086493179344,59406
1,3,3,3,2,0,3,0,1,3,0,3,-0.8075949294340148,60082
1,3,2,2,2,0,3,0,1,3,2,3,-0.8075949294340151,60730
0,2,0,0,0,2,2,2,0,1,2,1,-0.8075949294340148,61399
0,2,0,0,1,1,3,2,3,1,2,1,-0.8075949294340151,62048
0,0,0,0,0,0,2,3,0,0,3,2,-1.0661086493179344,62687
2,0,0,3,2,3,2,2,0,3,3,3,-1.0661086493179344,63329
0,0,1,3,2,0,1,1,2,2,0,1,-1.0661086493179344,63457
1,3,3,2,0,0,3,0,1,3,2,3,-1.0661086493179344,64087
1,3,3,0,2,0,3,1,1,3,2,3,-0.35229062606462536,64752
0,1,1,2,2,0,3,0,0,1,1,1,-0.5490812095500958,65389
2,1,1,1,3,0,0,1,1,1,0,2,-1.0661086493179344,66033
2,1,1,2,3,0,0,3,1,3,1,2,-0.35229062606462536,66705
2,0,0,3,2,3,3,2,0,3,3,2,-1.0661086493179344,67380
0,2,0,0,1,2,2,2,3,0,1,1,-0.343275696006459,68033
0,0,1,0,0,0,0,0,0,0,0,0,-1.0661086493179344,68705
0,2,0,2,1,1,2,2,3,1,1,1,-1.0661086493179344,69363
0,0,0,0,0,0,0,3,0,0,3,1,-1.0661086493179344,70000
2,1,1,0,3,0,0,1,1,1,1,0,-0.3342607659482927,70674
0,3,3,0,0,0,3,0,0,3,0,1,-0.5490812095500952,71326
0,2,0,3,1,1,2,2,3,1,0,1,-1.0661086493179344,71981
0,0,2,0,0,0,0,0,0,0,0,2,-1.0661086493179344,72622
0,0,0,0,0,0,0,0,0,0,0,1,-1.0661086493179344,73295
2,1,1,1,3,0,0,1,1,0,2,2,-0.8075949294340148,73972
0,1,3,0,3,1,1,0,2,2,3,1,-0.5310513494337629,74103
0,2,0,3,1,2,2,2,3,1,2,1,-0.5310513494337629,74777
0,3,2,0,3,2,0,3,2,0,3,0,-0.5400662794919292,75408
2,0,3,3,2,3,1,1,0,3,2,3,-0.8075949294340148,76069
1,0,3,3,0,2,0,0,1,2,3,0,-0.8075949294340151,76748
0,2,0,3,1,1,2,2,3,1,1,1,-1.0661086493179344,77428
1,2,3,2,2,0,3,0,1,3,0,3,-0.8075949294340148,78107
1,3,3,2,0,1,3,0,2,2,2,3,-0.5310513494337629,78758
1,3,3,0,3,2,3,2,1,1,0,1,-1.0661086493179344,79436
0,2,0,1,1,0,2,2,3,1,0,1,-0.5310513494337629,80082
0,0,3,0,1,0,1,0,0,0,2,2,-0.5310513494337629,80765
0,2,0,3,0,1,2,2,3,1,1,1,-0.8075949294340151,81452
1,2,3,1,0,0,2,0,1,3,1,3,-0.5400662794919292,82121
1,3,0,0,3,2,3,2,1,1,0,1,-0.8075949294340151,82783
1,0,2,3,2,3,1,2,0,3,0,2,-0.5310513494337629,83440
0,2,0,0,1,1,2,3,3,1,2,1,-0.3342607659482927,84122
1,2,3,3,3,2,3,2,1,1,0,1,-0.8075949294340148,84804
0,0,1,1,0,0,3,1,0,0,0,3,-1.0661086493179344,85466
3,1,2,2,1,1,0,1,0,1,3,2,-0.8075949294340148,85601
2,0,0,0,2,3,3,2,0,3,3,2,-1.0661086493179344,86276
0,3,3,2,2,0,3,0,2,3,2,3,-1.0661086493179344,86950
0,2,2,1,2,2,0,3,1,3,3,0,-0.5400662794919292,87617
1,3,3,2,2,0,3,0,3,3,1,3,-0.5490812095500958,88301
2,3,1,2,3,0,0,1,1,1,0,2,-0.5310513494337629,88937
0,3,0,1,1,2,2,2,3,1,0,1,-0.727841932919233,89592
0,3,3,2,2,0,3,0,1,3,2,3,-0.8075949294340151,90268
0,0,1,3,0,0,0,2,0,0,2,2,-1.0661086493179344,90895
1,3,3,0,3,3,3,2,1,1,1,1,-0.727841932919233,91553
2,0,3,2,2,3,2,2,0,3,0,3,-1.0661086493179344,92230
0,3,0,1,1,1,2,2,3,1,2,1,-0.3342607659482927,92908
3,0,2,0,1,3,1,3,3,0,2,1,-1.0661086493179344,93599
0,0,2,0,0,1,2,2,0,0,0,1,-0.8075949294340148,94267
3,0,3,0,0,3,1,3,3,0,3,2,-0.5400662794919292,94961
3,0,1,0,1,3,1,3,2,0,2,1,-0.5400662794919292,95647
2,1,1,1,3,0,0,0,2,1,2,3,-0.5400662794919292,96303
0,2,0,0,1,1,2,2,1,1,0,1,-0.5490812095500958,96960
0,2,0,0,1,1,2,1,3,1,1,1,-0.5310513494337629,97628
2,0,2,0,2,3,1,2,0,3,2,3,-1.0661086493179344,98312
0,0,0,0,0,0,0,3,0,0,0,1,-1.0661086493179344,98992
0,2,0,1,1,1,2,2,3,1,1,1,-1.0661086493179344,99685
0,2,0,1,1,1,2,2,3,1,1,2,-1.0661086493179344,100374
0,3,3,2,0,0,3,0,1,3,2,3,-0.8075949294340151,101067
0,2,0,1,1,1,2,2,3,2,1,1,-0.8075949294340148,101752
3,0,0,1,0,0,0,2,0,0,0,2,-0.8075949294340151,102403
0,2,0,1,1,1,2,2,3,1,2,2,-1.0661086493179344,103099
0,2,0,0,3,1,2,2,3,1,2,2,-0.5490812095500958,103766
1,3,3,2,3,0,3,0,2,3,2,3,-0.8075949294340151,104441
3,2,1,2,2,3,2,3,2,1,2,2,-0.5400662794919292,104581
0,2,0,2,1,1,2,2,3,1,1,3,-1.0661086493179344,105266
1,2,0,2,1,1,2,2,3,1,2,1,-0.8075949294340148,105924
0,2,0,3,1,1,2,2,3,1,0,3,-1.0661086493179344,106611
3,0,2,2,1,3,1,3,3,0,2,0,-1.0661086493179344,107287
1,3,2,2,3,3,3,0,2,0,1,3,-1.0661086493179344,107431
2,0,0,0,2,3,1,2,0,3,2,1,-1.0661086493179344,108132
0,2,0,1,1,1,2,2,3,1,2,3,-1.0661086493179344,108786
0,0,0,0,0,0,0,1,0,0,0,0,-1.0661086493179344,109468
0,2,0,0,1,1,2,2,3,3,0,3,-0.5490812095500952,110150
2,2,1,3,0,2,3,1,0,2,3,2,0.004005950450408635,110294
3,0,2,3,1,3,2,3,3,0,2,2,-0.8075949294340151,110929
2,1,0,1,3,2,3,2,3,2,0,1,-0.727841932919233,111074
0,2,0,2,1,1,2,2,3,1,2,1,-1.0661086493179344,111755
3,0,2,1,1,3,1,3,3,1,2,0,-0.8075949294340148,112412
2,0,0,0,2,3,2,2,0,3,0,2,-1.0661086493179344,113074
3,0,2,3,3,3,1,3,3,0,2,1,-0.5490812095500952,113772
2,1,1,1,2,0,0,1,1,1,2,2,-0.8075949294340151,114438
0,2,0,1,1,1,2,2,3,1,0,2,-1.0661086493179344,115129
2,1,1,0,1,0,3,0,2,1,1,1,-0.2725376295498433,115273
1,3,3,0,2,3,3,0,1,0,0,0,-0.5400662794919292,115927
1,3,3,2,2,0,2,0,1,3,2,3,-0.8075949294340151,116575
0,0,3,0,0,0,0,0,0,0,2,0,-1.0661086493179344,117238
0,2,3,2,1,1,2,2,3,1,2,3,-1.0661086493179344,117917
0,3,2,1,3,2,0,3,2,3,3,0,-0.8075949294340151,118553
0,0,1,0,0,0,3,3,0,0,3,0,-1.0661086493179344,119206
0,2,1,1,1,1,2,2,3,1,1,1,-1.0661086493179344,119884
0,1,1,3,0,0,3,0,0,1,0,3,-0.8075949294340148,120568
2,3,0,3,2,2,1,3,2,0,2,1,-0.27253762954984356,120710
0,3,3,2,3,0,3,0,1,3,0,3,-0.8075949294340151,121393
3,0,2,0,1,3,2,3,3,0,3,1,-0.8075949294340151,122076
0,3,2,0,1,2,3,2,3,1,2,3,-0.8075949294340151,122749
2,1,1,1,3,1,0,1,1,1,0,2,-1.0661086493179344,123458
0,2,0,1,1,1,2,2,3,1,0,3,-1.0661086493179344,124148
2,0,0,0,2,3,1,2,0,3,3,0,-1.0661086493179344,124819
0,0,1,0,0,0,0,0,0,0,0,1,-1.0661086493179344,125486
0,2,3,1,1,1,2,2,3,1,0,1,-1.0661086493179344,126185
3,0,2,2,1,3,1,3,3,0,0,0,-1.0661086493179344,126851
2,1,1,1,2,0,0,1,1,1,0,2,-0.8075949294340151,127544
2,0,0,1,2,3,3,2,0,3,0,0,-1.0661086493179344,128202
3,0,2,1,1,2,1,3,3,0,0,0,-0.8075949294340148,128878
2,1,1,1,3,1,0,1,1,1,1,2,-1.0661086493179344,129563
0,2,0,0,1,1,1,2,3,1,0,1,-0.8075949294340151,130243
3,1,1,1,3,1,0,1,1,1,3,2,-0.8075949294340148,130935
2,1,1,1,3,1,0,2,2,2,1,2,-0.5400662794919292,131643
1,3,3,0,3,2,3,2,1,1,1,2,-1.0661086493179344,132339
3,1,3,0,1,0,0,1,0,0,0,0,-0.5400662794919292,132486
0,3,0,2,0,2,0,0,2,0,1,2,-0.27253762954984356,132631
0,2,0,3,1,1,2,2,3,1,2,3,-1.0661086493179344,133338
2,1,1,1,3,3,0,1,1,0,1,2,-0.8075949294340148,134019
1,3,3,0,3,2,3,2,1,1,2,2,-1.0661086493179344,134708
2,0,0,0,3,2,2,0,1,0,0,1,-0.5400662794919292,134855
0,0,0,0,0,0,0,0,0,0,3,1,-1.0661086493179344,135569
1,3,3,0,3,2,3,2,1,1,3,2,-1.0661086493179344,136250
1,3,3,0,2,2,3,2,1,1,3,2,-1.0661086493179344,136939
3,1,1,1,3,0,0,1,1,1,0,2,-0.8075949294340148,137639
0,1,1,3,2,0,0,1,2,3,3,1,-0.5490812095500952,138331
0,0,0,3,0,0,0,0,0,0,3,1,-1.0661086493179344,139011
2,3,1,3,3,2,3,2,1,3,1,1,-0.5400662794919292,139162
0,2,3,1,2,1,2,2,1,1,0,3,-0.8075949294340151,139861
0,0,0,2,0,0,0,0,0,0,0,1,-1.0661086493179344,140524
0,0,1,3,0,0,0,1,2,0,3,1,-0.5490812095500958,141186
1,3,3,0,2,2,3,2,2,1,2,3,-0.8075949294340151,141870
2,1,1,1,3,1,0,1,0,1,0,2,-0.8075949294340151,142533
1,3,3,0,3,2,3,2,1,1,2,1,-1.0661086493179344,143217
1,0,2,1,2,1,3,1,0,0,1,0,-0.5400662794919292,143372
0,3,3,2,1,1,3,2,3,1,1,2,-0.5400662794919292,144070
2,0,1,0,2,1,1,1,3,2,3,0,-0.5400662794919292,144224
0,2,0,3,1,1,3,2,3,1,0,3,-0.8075949294340151,144926
2,1,2,1,3,0,0,1,1,1,1,2,-1.0661086493179344,145618
2,0,3,0,2,3,1,2,0,3,0,3,-1.0661086493179344,146291
0,0,3,3,2,0,1,2,2,2,0,1,-1.0661086493179344,146983
1,3,3,0,3,2,3,2,1,1,3,3,-1.0661086493179344,147709
0,0,0,0,0,0,0,0,0,0,0,2,-1.0661086493179344,148393
2,0,0,3,2,3,3,2,0,3,3,0,-1.0661086493179344,149061
1,3,3,0,3,2,3,2,2,1,3,1,-0.8075949294340151,149788
2,1,2,1,3,1,0,1,1,1,1,2,-1.0661086493179344,150449
1,3,3,0,3,2,3,2,1,1,0,3,-1.0661086493179344,151162
2,2,3,1,3,0,0,1,1,1,0,2,-0.3342607659482927,151856
2,0,0,2,2,3,2,2,0,3,3,0,-1.0661086493179344,152534
0,0,3,3,2,0,0,1,2,1,0,1,-0.8075949294340148,153216
2,1,1,1,3,1,0,1,1,1,1,3,-1.0661086493179344,153923
2,1,1,1,3,1,0,1,1,1,1,1,-1.0661086493179344,154617
2,1,2,1,3,0,0,1,1,2,3,2,-0.8075949294340148,155289
1,3,3,2,0,0,3,0,1,3,3,3,-1.0661086493179344,155981
2,0,0,0,2,3,2,2,0,3,0,0,-1.0661086493179344,156705
2,1,3,1,3,1,0,1,1,1,1,2,-1.0661086493179344,157354
0,2,0,3,3,1,2,2,2,1,0,2,-0.8075949294340151,158049
2,1,3,1,3,1,0,1,1,1,1,3,-1.0661086493179344,158734
2,1,3,1,3,0,0,1,1,1,1,2,-1.0661086493179344,159385
3,0,2,2,1,3,0,2,3,0,0,0,-0.5490812095500958,160094
2,1,3,1,3,0,0,1,1,1,1,3,-1.0661086493179344,160779
2,1,3,1,3,0,0,1,1,1,0,2,-1.0661086493179344,161478
2,0,3,0,0,2,2,2,0,3,3,3,-0.27253762954984356,162142
1,1,3,1,3,2,0,1,1,1,1,3,-0.8075949294340148,162818
0,1,0,1,1,1,2,2,3,1,1,2,-0.3342607659482927,163521
0,2,3,3,1,1,2,2,3,1,2,3,-1.0661086493179344,164231
3,0,2,0,1,3,1,3,3,0,1,2,-1.0661086493179344,164925
0,0,0,0,0,0,1,0,0,0,0,1,-1.0661086493179344,165601
1,3,3,0,3,1,3,2,1,1,3,1,-0.727841932919233,166283
2,1,2,0,3,0,0,1,1,1,1,2,-0.727841932919233,166972
2,1,1,1,3,0,1,1,1,1,2,3,-0.8075949294340151,167669
2,1,3,1,3,0,0,1,1,1,0,3,-1.0661086493179344,168381
2,0,2,0,2,3,3,2,0,3,0,0,-1.0661086493179344,169094
0,2,2,1,1,1,2,2,3,1,2,1,-1.0661086493179344,169764
2,3,3,2,1,0,3,0,1,3,3,3,-0.8075949294340151,170427
2,1,3,1,3,0,0,1,1,1,0,1,-1.0661086493179344,171128
0,3,1,3,0,1,2,3,3,3,3,1,-0.2725376295498433,171285
2,3,2,2,3,0,0,3,3,1,0,0,-0.5490812095500955,171441
2,0,2,2,2,3,1,2,0,3,3,3,-1.0661086493179344,172151
1,3,3,1,3,2,3,2,1,1,1,2,-0.8075949294340148,172872
2,3,2,1,3,1,0,1,1,1,1,1,0.004005950450408635,173575
1,3,3,0,3,2,1,2,1,1,1,2,-0.5490812095500958,174290
2,1,2,1,3,1,0,1,1,1,1,1,-1.0661086493179344,175016
2,1,3,1,3,0,0,0,1,1,0,2,-0.5310513494337629,175719
2,0,2,0,2,3,1,2,0,3,3,1,-1.0661086493179344,176416
2,1,2,1,3,1,0,1,1,1,0,1,-1.0661086493179344,177134
2,3,3,0,3,2,3,2,1,1,2,2,-0.8075949294340151,177837
0,1,0,1,3,1,0,1,1,1,0,1,-0.5490812095500952,178520
2,1,3,1,3,1,0,1,1,1,1,1,-1.0661086493179344,179239
2,0,3,0,2,3,2,2,0,3,3,3,-1.0661086493179344,179957
2,2,1,1,3,1,0,1,1,1,1,3,-0.5310513494337629,180652
0,0,0,0,0,0,0,0,0,0,0,3,-1.0661086493179344,181358
2,2,3,3,0,1,2,1,0,3,2,3,-0.27253762954984356,181517
0,2,0,0,1,1,2,2,3,1,3,2,-1.0661086493179344,182193
1,3,3,0,3,2,2,2,1,1,1,1,-0.8075949294340151,182903
2,1,3,1,3,1,3,1,1,1,3,2,-0.8075949294340151,183615
0,3,3,0,2,2,3,2,1,1,3,2,-0.8075949294340151,184314
1,3,3,2,0,0,3,0,2,3,3,3,-0.8075949294340151,185027
2,0,0,0,2,3,3,2,0,3,0,1,-1.0661086493179344,185733
0,0,0,1,0,0,3,3,0,0,2,1,-1.0661086493179344,186438
2,1,3,1,3,0,0,1,1,1,1,1,-1.0661086493179344,187119
1,3,2,0,3,2,3,2,1,1,1,3,-0.8075949294340151,187817
3,0,3,3,1,3,1,3,3,0,2,0,-0.3342607659482927,188508
1,2,3,3,3,1,3,0,2,2,0,2,-0.5400662794919292,188668
1,3,3,0,1,2,3,2,1,1,0,1,-1.0661086493179344,189348
2,1,3,1,3,0,0,1,1,0,1,2,-0.8075949294340148,190068
0,0,3,0,0,0,0,0,0,0,3,2,-1.0661086493179344,190750
0,0,3,0,0,0,1,2,0,0,1,2,-1.0661086493179344,191451
2,2,3,0,0,2,0,0,2,1,1,3,-0.8075949294340148,191614
2,1,3,2,3,0,0,1,1,1,1,2,-0.3342607659482927,192310
0,0,0,3,0,0,3,2,0,0,0,0,-1.0661086493179344,193023
2,0,3,0,2,3,3,2,0,3,3,2,-1.0661086493179344,193748
2,1,0,1,3,1,0,1,1,1,1,2,-1.0661086493179344,194456
2,0,0,3,2,3,2,3,0,3,0,1,-0.8075949294340148,195143
0,0,0,1,0,0,3,0,0,0,3,0,-1.0661086493179344,195822
0,0,0,0,0,0,0,0,0,0,1,1,-1.0661086493179344,196524
0,2,1,1,1,1,2,2,3,1,1,2,-1.0661086493179344,197244
2,1,0,1,3,1,0,1,1,1,0,2,-1.0661086493179344,197960
0,0,0,2,0,0,3,3,0,0,3,2,-1.0661086493179344,198649
1,3,3,0,1,2,3,2,1,1,0,2,-1.0661086493179344,199363
2,1,0,1,3,0,0,1,1,1,0,2,-1.0661086493179344,200070
2,1,3,1,3,1,0,2,1,1,1,1,-0.5310513494337629,200756
2,1,3,1,3,1,0,1,1,1,0,1,-1.0661086493179344,201454
2,1,0,1,3,1,0,1,1,1,1,1,-1.0661086493179344,202173
1,3,3,0,3,2,3,1,1,1,2,1,-0.3342607659482927,202885
3,0,2,0,1,3,1,3,3,0,2,3,-1.0661086493179344,203612
2,1,1,1,3,0,0,1,1,1,0,3,-1.0661086493179344,204288
2,1,2,1,3,1,0,1,2,1,0,1,-0.8075949294340151,204974
2,1,2,1,3,1,0,1,1,2,1,2,-0.8075949294340148,205704
1,2,1,3,1,1,2,1,2,3,1,0,-0.3342607659482927,205871
0,2,0,1,1,1,2,2,3,1,3,1,-1.0661086493179344,206556
0,0,3,1,0,0,0,2,0,1,3,2,-0.8075949294340148,207257
2,1,0,1,2,1,0,1,1,1,1,1,-0.8075949294340151,207969
1,3,3,0,3,2,3,2,1,1,3,1,-1.0661086493179344,208684
0,0,2,3,0,0,3,2,0,0,2,3,-1.0661086493179344,209398
2,0,0,0,2,3,0,2,0,3,1,2,-1.0661086493179344,210082
2,0,0,0,2,3,0,2,0,3,3,1,-1.0661086493179344,210774
3,1,3,1,0,3,2,3,3,2,1,2,-0.5400662794919292,210941
0,0,1,1,1,0,3,3,0,0,0,3,-0.727841932919233,211644
0,2,0,1,1,1,2,2,3,1,1,3,-1.0661086493179344,212363
0,2,1,3,1,1,2,2,3,1,0,1,-1.0661086493179344,213076
3,0,2,0,2,3,1,3,2,0,0,3,-0.7368568629773994,213798
2,0,0,0,2,3,0,0,0,3,1,2,-0.5490812095500952,214499
3,2,0,0,1,2,3,1,2,1,0,1,-0.7368568629773994,214667
1,3,3,0,2,2,3,2,1,1,2,1,-1.0661086493179344,215358
1,3,3,0,2,2,3,2,1,1,0,3,-1.0661086493179344,216061
2,0,0,0,2,3,0,2,0,3,1,3,-1.0661086493179344,216762
0,2,0,1,1,1,2,2,2,1,2,1,-0.8075949294340151,217450
1,1,3,1,3,0,0,1,1,1,0,2,-0.8075949294340148,218158
0,2,0,2,1,1,2,2,3,1,3,1,-1.0661086493179344,218866
2,1,2,1,3,1,0,1,2,1,1,1,-0.8075949294340151,219600
2,0,2,0,2,3,1,2,0,3,2,0,-1.0661086493179344,220311
0,0,3,0,0,0,0,3,1,0,0,0,-0.8075949294340151,221007
0,0,3,0,0,0,1,3,0,0,1,0,-1.0661086493179344,221711
1,3,1,3,3,3,0,0,2,0,1,3,-0.5400662794919292,222430
2,1,3,1,3,0,0,1,1,1,2,2,-1.0661086493179344,223148
1,3,1,0,1,0,2,3,2,2,0,2,-0.5400662794919292,223319
1,3,3,0,0,2,3,2,1,1,3,3,-1.0661086493179344,223985
2,1,3,1,3,0,0,1,1,1,2,1,-1.0661086493179344,224678
0,0,0,3,2,0,3,1,0,2,0,1,-0.5490812095500958,225401
0,2,3,0,1,2,2,2,3,1,0,2,-0.727841932919233,226110
0,2,0,3,1,1,2,2,3,1,3,3,-1.0661086493179344,226812
1,2,0,2,2,2,1,3,1,2,1,2,-1.0661086493179344,226985
0,2,0,0,1,1,2,2,3,1,3,3,-1.0661086493179344,227707
2,1,1,1,3,0,0,1,1,1,1,1,-1.0661086493179344,228410
2,2,3,0,0,0,3,2,1,1,0,3,-0.5400662794919292,229093
0,0,0,0,0,0,2,0,0,0,0,1,-1.0661086493179344,229813
0,3,3,0,1,2,3,2,1,1,1,1,-0.8075949294340151,230513
2,0,1,1,2,3,1,2,0,3,1,0,-1.0661086493179344,231209
0,0,0,3,0,0,3,3,0,0,3,1,-1.0661086493179344,231899
2,3,3,0,1,2,3,2,1,1,0,1,-0.8075949294340151,232612
1,3,3,0,0,1,3,2,1,1,3,1,-0.727841932919233,233330
0,3,1,0,0,0,3,0,0,1,1,1,-1.0661086493179344,234053
0,0,2,0,0,0,0,2,0,0,3,0,-1.0661086493179344,234745
0,0,1,0,0,0,1,0,0,0,0,2,-1.0661086493179344,235445
0,2,0,0,1,1,2,2,3,1,1,2,-1.0661086493179344,236131
0,2,1,0,1,1,2,2,3,1,2,1,-1.0661086493179344,236847
2,1,1,1,3,1,0,1,1,1,0,3,-1.0661086493179344,237569
0,3,1,0,0,2,3,0,0,1,3,1,-0.5490812095500952,238291
0,0,2,2,0,0,2,0,0,0,3,2,-1.0661086493179344,238979
2,1,3,1,3,1,0,1,1,1,2,1,-1.0661086493179344,239656
1,3,2,1,3,3,3,0,2,0,1,3,-0.8075949294340151,240379
0,3,1,0,1,0,3,0,0,1,0,1,-0.8075949294340151,241079
0,0,0,2,0,0,0,0,0,0,0,0,-1.0661086493179344,241809
0,2,0,1,1,1,2,2,3,1,0,1,-1.0661086493179344,242586
2,0,3,0,2,3,3,2,0,3,0,0,-1.0661086493179344,243294
0,3,3,1,2,1,0,3,2,3,3,0,-1.0661086493179344,243996
0,1,1,0,0,0,3,0,0,1,0,1,-0.5490812095500952,244717
0,3,3,1,1,1,0,3,2,3,3,0,-0.8075949294340151,245442
1,2,0,2,3,2,1,3,1,2,0,2,-0.8075949294340148,246179
0,0,0,3,0,0,0,0,0,0,1,2,-1.0661086493179344,246900
2,0,0,2,2,3,1,2,0,3,2,3,-1.0661086493179344,247562
0,3,3,3,2,2,0,3,2,3,3,0,-0.5490812095500952,248287
0,0,1,0,0,0,2,2,0,0,2,3,-1.0661086493179344,248998
3,2,3,2,2,0,3,1,1,2,2,1,-0.2725376295498433,249176
0,0,2,1,0,2,2,2,0,2,3,3,-1.0661086493179344,249890
3,3,2,1,2,1,2,3,0,2,2,1,-0.5400662794919292,250067
0,0,3,1,0,0,0,0,0,0,0,1,-1.0661086493179344,250775
1,3,3,1,1,0,3,0,1,3,3,3,-0.8075949294340148,251500
0,0,1,3,2,0,1,3,2,2,0,0,-1.0661086493179344,252216
0,0,2,3,0,2,3,2,0,2,2,3,-1.0661086493179344,252939
0,2,0,0,1,1,2,2,3,1,2,2,-1.0661086493179344,253668
2,2,1,3,0,2,3,2,3,2,2,2,-0.2725376295498433,253846
2,1,0,1,3,0,0,1,1,1,0,3,-1.0661086493179344,254572
3,0,1,3,1,0,1,2,3,3,3,2,-0.27253762954984356,254750
0,0,0,1,0,2,2,2,0,2,2,3,-1.0661086493179344,255455
0,0,2,0,0,2,2,2,0,2,1,3,-1.0661086493179344,256200
3,1,2,2,3,2,3,1,3,2,0,3,-0.7368568629773994,256376
0,0,2,0,1,2,2,2,0,2,2,3,-0.5310513494337629,257085
3,3,3,1,1,1,3,2,3,3,0,3,-0.5400662794919292,257262
0,0,2,0,0,2,1,2,0,2,3,3,-1.0661086493179344,257966
0,0,1,1,0,2,1,3,0,2,2,0,-1.0661086493179344,258699
0,0,0,3,0,2,1,3,0,3,2,0,-0.8075949294340148,259404
0,0,1,2,0,2,2,3,0,2,0,3,-1.0661086493179344,260126
0,0,3,3,0,0,0,2,0,0,3,1,-1.0661086493179344,260829
0,0,1,2,0,3,2,2,0,2,0,3,-0.8075949294340148,261562
0,0,2,1,0,2,1,3,0,2,3,0,-1.0661086493179344,262262
0,0,2,2,0,2,1,2,0,2,3,3,-1.0661086493179344,262991
0,0,3,2,0,1,2,3,0,0,2,3,-0.8075949294340148,263750
0,0,2,2,0,2,1,2,0,2,1,0,-1.0661086493179344,264481
2,1,0,1,3,0,0,1,1,1,2,2,-1.0661086493179344,265197
2,0,3,0,2,3,1,2,0,3,2,3,-1.0661086493179344,265932
0,0,2,0,0,2,3,3,0,2,1,0,-1.0661086493179344,266667
2,0,0,1,2,2,1,2,0,2,3,0,-0.5490812095500952,267389
0,0,1,0,0,2,1,3,0,2,1,3,-1.0661086493179344,268071
0,0,1,3,1,0,1,2,1,3,0,0,-0.343275696006459,268796
0,0,2,1,0,2,2,3,0,2,2,3,-1.0661086493179344,269495
1,3,3,2,0,0,3,0,1,2,2,3,-0.8075949294340148,270228
0,2,3,0,3,0,0,3,1,2,3,1,-0.343275696006459,270415
1,2,1,1,0,0,3,3,3,3,0,0,-0.5400662794919292,270595
2,1,3,1,3,2,0,1,1,1,2,1,-1.0661086493179344,271304
0,0,1,0,0,1,0,3,0,2,0,3,-0.8075949294340148,272047
0,0,1,3,0,2,1,2,0,1,1,3,-0.8075949294340148,272799
0,0,1,3,2,0,2,3,3,2,0,2,-0.8075949294340151,273527
0,0,3,1,0,2,1,3,0,2,1,3,-1.0661086493179344,274257
2,1,0,1,3,0,0,1,1,1,0,1,-1.0661086493179344,274964
0,0,3,0,0,2,0,3,0,2,2,1,-1.0661086493179344,275676
1,3,3,0,0,2,3,1,1,1,1,1,-0.5310513494337629,276408
0,0,3,3,3,0,2,2,2,1,0,1,-0.5400662794919292,277137
2,1,1,1,3,2,0,1,1,1,2,2,-1.0661086493179344,277847
0,0,2,0,0,2,1,1,0,2,1,1,-1.0661086493179344,278583
0,0,3,1,0,2,3,0,0,2,2,2,-1.0661086493179344,279296
0,0,2,2,0,2,1,1,0,2,3,1,-1.0661086493179344,280030
0,0,3,1,0,2,2,3,0,2,2,0,-1.0661086493179344,280769
0,0,2,0,0,2,1,0,0,2,1,2,-1.0661086493179344,281483
1,3,2,1,2,1,0,3,2,3,3,0,-0.5310513494337629,282198
0,0,1,0,0,2,2,2,0,2,2,1,-1.0661086493179344,282948
0,0,1,0,0,2,2,2,0,2,3,1,-1.0661086493179344,283700
0,0,2,0,0,2,2,0,0,2,1,1,-1.0661086493179344,284423
0,0,3,0,0,3,3,1,0,2,3,3,-0.8075949294340148,285150
3,0,2,3,1,3,1,3,3,0,1,0,-1.0661086493179344,285887
0,0,0,0,0,2,1,3,0,2,3,1,-1.0661086493179344,286597
0,2,2,1,2,2,0,3,2,3,3,0,-0.8075949294340148,287346
1,3,3,2,2,0,3,0,0,3,2,3,-0.8075949294340151,288070
0,1,0,2,1,1,2,2,3,1,2,1,-0.5310513494337629,288802
0,0,3,1,0,2,2,1,0,0,1,0,-0.5490812095500952,289488
2,0,3,1,2,3,0,2,0,3,1,0,-1.0661086493179344,290190
2,0,1,0,2,3,0,2,0,3,2,3,-1.0661086493179344,290896
0,0,3,0,0,2,2,1,0,2,3,1,-1.0661086493179344,291647
0,0,2,0,0,2,0,2,0,2,0,0,-1.0661086493179344,292395
0,0,1,2,0,0,3,1,0,0,3,1,-1.0661086493179344,293112
0,0,2,3,0,0,0,2,0,0,2,3,-1.0661086493179344,293862
0,0,1,2,0,2,1,1,0,2,3,0,-1.0661086493179344,294591
0,0,2,2,0,2,3,0,0,2,1,0,-1.0661086493179344,295324
2,3,0,0,0,2,3,2,1,1,3,3,-0.8075949294340151,296063
2,0,3,1,2,3,2,2,0,3,3,2,-1.0661086493179344,296786
0,0,0,2,0,0,3,1,0,0,3,3,-1.0661086493179344,297516
0,0,2,1,0,2,1,0,0,2,1,0,-1.0661086493179344,298242
0,0,2,2,2,0,3,1,2,2,0,2,-1.0661086493179344,298970
0,0,3,2,0,2,3,1,0,2,1,0,-1.0661086493179344,299716
0,2,2,2,1,1,2,2,3,1,2,1,-1.0661086493179344,300456
0,0,3,2,0,2,1,2,0,2,1,3,-1.0661086493179344,301178
1,1,2,1,2,3,1,3,1,1,2,0,-0.5400662794919292,301360
0,0,1,1,0,2,2,1,0,2,1,2,-1.0661086493179344,302090
0,0,2,1,2,0,1,2,2,2,0,1,-1.0661086493179344,302793
0,0,3,0,0,2,2,0,0,2,1,0,-1.0661086493179344,303548
0,0,0,1,0,0,0,3,0,0,1,2,-1.0661086493179344,304284
0,0,0,0,0,2,3,2,0,0,3,2,-0.5490812095500952,305026
0,0,0,3,0,3,0,3,0,2,2,2,-0.8075949294340148,305756
0,2,2,2,0,2,1,3,2,3,3,2,-0.27253762954984356,305941
1,3,3,2,1,0,3,2,1,3,2,3,0.004005950450408635,306646
0,0,2,0,0,0,3,3,0,0,2,2,-1.0661086493179344,307362
0,0,3,1,2,0,1,2,2,2,0,2,-1.0661086493179344,308095
0,0,3,0,3,0,0,3,2,2,0,2,-0.727841932919233,308809
0,0,3,2,0,2,1,3,0,2,0,0,-1.0661086493179344,309574
2,2,0,1,0,0,2,1,0,1,1,1,-0.27253762954984356,309760
0,3,3,1,2,0,0,3,2,3,3,0,-1.0661086493179344,310475
3,3,1,3,3,0,0,0,1,3,2,3,-0.5400662794919292,310663
0,3,2,1,2,1,0,3,2,3,3,2,-1.0661086493179344,311411
0,3,3,1,2,0,1,3,2,3,3,3,-1.0661086493179344,312157
1,3,3,2,1,0,3,0,1,3,0,3,-1.0661086493179344,312909
0,3,3,1,2,1,2,3,2,3,3,3,-1.0661086493179344,313630
0,0,3,0,0,2,0,0,0,2,1,0,-1.0661086493179344,314342
0,3,2,1,2,1,0,3,2,3,0,2,-1.0661086493179344,315050
0,3,3,1,2,0,2,2,3,3,3,3,-0.5400662794919292,315753
0,3,3,2,2,0,3,3,2,3,3,3,-0.8075949294340148,316505
0,3,2,1,2,0,0,3,2,3,0,2,-1.0661086493179344,317247
1,3,3,2,1,0,3,0,1,3,2,1,-1.0661086493179344,317958
0,0,3,0,0,2,1,0,0,2,3,0,-1.0661086493179344,318669
0,0,3,0,0,0,0,3,0,0,0,2,-1.0661086493179344,319390
