x0,x1,x2,x3,x4,x5,x6,x7,x8,x9,x10,x11,x12,x13,x14,x15,x16,x17,x18,x19,x20,x21,x22,x23,value,Timestamp
0,0,0,0,0,0,0,0,0,0,0,0,0,0,0,0,0,0,0,0,0,0,0,0,-1.4917644873002378,111
2,0,3,2,2,0,1,1,0,1,2,1,3,1,1,0,1,1,3,0,0,1,2,0,-1.021847356422765,127
2,2,1,3,2,0,0,0,0,1,2,0,1,1,0,2,1,0,0,1,3,0,3,3,-0.433344466151256,143
0,2,1,1,0,1,2,0,3,3,0,3,1,3,3,1,3,2,1,1,3,2,1,3,-0.6689843636142736,160
1,0,1,1,3,3,3,1,0,3,0,3,1,2,1,1,1,3,3,1,2,3,0,0,-0.7275957726536071,177
3,0,1,3,1,1,2,0,1,1,1,3,3,0,1,2,1,3,3,1,3,2,2,3,-0.7275957726536071,196
1,1,0,2,2,0,3,2,0,3,2,3,0,2,3,0,3,0,1,3,2,2,3,2,-1.0218470791559582,212
1,3,1,0,1,2,3,3,1,0,0,3,1,3,2,2,3,0,2,2,0,3,0,0,-0.5395601872713146,228
3,1,1,3,3,0,1,1,0,3,3,0,2,2,2,3,1,3,3,2,1,2,0,0,-0.433344466151256,245
3,1,1,0,2,3,2,0,0,3,0,2,1,0,2,2,3,2,1,3,1,1,3,1,-0.4284676506886913,261
0,1,1,1,2,1,3,0,0,2,0,0,2,3,2,2,2,0,3,2,1,0,2,1,-0.4284679695754423,277
3,2,1,1,1,3,1,1,2,3,2,3,1,3,0,3,1,1,0,0,3,1,1,0,-0.7587815691279655,295
1,1,1,2,2,0,1,1,3,0,1,1,2,2,1,2,3,2,0,1,2,3,3,2,-0.6689846825010245,312
0,1,3,3,0,2,1,0,0,1,3,2,1,0,3,0,2,0,3,0,3,2,1,3,-0.4284679695754423,329
2,3,2,3,2,3,1,3,0,3,3,0,0,2,2,1,1,3,0,1,2,3,1,3,-0.7984085399572325,346
1,2,1,3,0,1,0,1,1,1,3,2,2,3,3,3,0,2,0,0,3,2,3,1,-1.0218470791559582,363
3,1,0,2,3,2,3,1,1,0,1,1,2,3,1,2,2,1,0,1,3,1,3,3,-0.433344466151256,380
2,1,1,2,3,1,3,0,3,0,1,1,1,0,1,1,1,3,2,1,1,0,1,1,-0.6964094313428484,397
1,0,3,3,3,0,0,2,1,1,3,0,0,1,3,2,1,1,3,0,0,3,1,2,-0.7396255427475764,414
3,3,2,1,1,3,2,3,0,2,3,3,0,2,2,3,0,3,3,2,3,3,1,2,-0.7275957726536071,431
1,3,1,2,3,1,2,2,1,0,2,2,0,0,1,3,0,0,3,0,2,3,1,2,-1.021847356422765,447
3,2,0,1,0,1,3,0,3,3,0,3,2,1,1,3,1,1,1,0,3,2,1,0,-0.433344466151256,464
1,1,0,2,3,1,2,1,3,0,0,1,0,0,1,2,2,2,0,3,2,0,1,1,-1.0218470791559582,479
2,2,0,1,1,2,2,2,2,0,2,3,2,1,2,2,0,2,2,1,2,3,2,3,-0.7961273166211993,496
3,0,0,1,0,3,1,0,0,1,0,0,1,1,2,1,3,0,2,3,1,3,2,3,-0.7155660025596378,511
1,2,0,3,3,3,0,0,1,0,0,0,2,0,3,1,2,0,3,1,1,0,0,2,-0.7275957726536071,526
1,2,2,0,3,3,1,2,3,0,0,3,3,0,3,0,1,2,3,2,3,3,1,1,-0.637965760233704,543
3,0,3,3,1,3,3,0,1,2,3,3,0,3,3,3,0,3,2,0,0,2,2,2,-0.7587815691279653,559
0,2,1,0,0,2,2,0,2,2,0,3,3,2,3,1,2,2,0,2,0,1,2,1,-1.615226466003281,574
2,3,3,0,1,3,3,0,0,0,3,1,2,3,1,2,0,2,2,0,0,3,0,0,-0.4284679695754423,588
0,1,3,0,2,3,2,2,1,0,3,0,1,2,2,2,3,0,3,3,1,2,1,3,-0.6999984146277916,605
0,0,3,3,0,2,3,2,3,3,2,2,0,1,1,1,0,1,3,2,2,3,1,0,-0.7396255427475764,621
2,2,3,3,3,3,0,1,0,0,2,3,2,1,1,1,3,1,3,3,2,1,2,0,-0.6964094313428484,638
3,3,1,3,1,1,0,1,0,3,1,0,0,0,2,3,0,0,0,3,1,0,2,1,-0.7396255427475764,654
2,1,0,3,1,2,1,1,0,1,2,3,3,0,0,2,1,0,2,2,3,1,0,2,-0.7275957726536071,669
0,1,2,2,2,0,1,0,1,2,1,2,0,2,1,1,1,0,3,3,3,1,2,1,-0.7275957726536071,686
0,3,3,0,2,1,3,0,3,1,1,3,0,3,3,1,2,0,0,3,0,0,3,1,-0.6447536228018947,702
0,2,2,3,3,0,3,2,3,2,0,3,0,0,0,0,2,0,2,2,2,0,1,3,-0.08501586633589589,716
3,1,3,2,0,3,3,2,0,2,1,0,0,2,3,2,3,2,0,2,1,3,2,1,-1.021847356422765,732
2,3,2,1,0,0,1,0,1,0,1,2,3,1,2,2,3,3,0,0,1,1,2,3,-0.7275957726536071,749
3,0,1,1,1,0,0,2,0,1,0,3,2,0,2,0,1,1,2,0,2,0,1,3,-0.6964099761792488,764
2,3,1,3,3,1,3,3,3,2,3,3,2,3,2,1,3,3,2,1,1,2,3,1,-0.3708051768922945,782
1,0,0,3,3,2,3,1,1,3,3,0,0,1,3,1,1,2,0,1,1,3,1,1,-0.4331767282210669,798
3,1,2,2,0,1,1,2,3,1,3,1,2,3,3,1,0,1,0,2,3,2,0,0,-0.7275957726536071,815
3,1,2,0,2,3,0,3,0,0,2,3,3,3,3,3,3,3,0,3,2,3,2,0,-0.7275957726536071,830
0,1,3,3,0,1,0,0,2,0,0,3,1,2,3,0,2,1,1,1,2,2,1,2,-1.0267235757317719,846
0,3,1,2,3,3,0,3,3,0,0,3,2,1,2,1,0,3,2,0,1,3,2,3,-0.7275957726536071,862
1,3,3,2,2,0,1,2,2,0,3,2,1,0,0,0,1,2,0,2,3,3,0,3,-0.8484115815478687,877
0,3,2,0,1,1,0,0,2,0,3,3,1,0,2,3,3,1,0,0,0,0,3,0,-0.719155687971499,892
2,1,0,2,3,1,1,2,2,2,1,3,2,3,3,2,3,2,1,3,3,2,1,3,-0.433344466151256,909
2,1,0,0,3,1,3,1,0,1,3,3,1,1,2,3,2,0,2,2,2,3,3,1,-1.0267235757317719,925
2,3,0,1,3,1,2,1,1,2,3,0,3,3,0,3,0,3,0,2,3,0,2,0,-0.8173926592805479,941
2,1,1,3,3,0,0,1,0,3,0,3,3,2,1,1,2,1,2,2,0,0,0,3,-0.7910834010019474,957
0,1,2,2,0,0,2,0,0,1,2,3,0,0,2,1,2,0,0,2,3,3,3,2,-0.4284679695754423,971
3,1,1,3,2,3,3,0,2,0,0,0,3,0,3,1,2,0,3,2,3,3,1,2,-0.6964099761792488,987
1,1,1,0,3,3,0,3,3,1,0,1,3,1,2,3,2,1,0,2,0,0,0,1,-0.789967910438724,1003
0,1,0,2,1,2,3,0,3,1,0,2,2,0,3,2,1,1,0,2,3,3,3,3,-1.021847356422765,1019
0,0,0,2,0,3,2,1,0,2,0,2,0,2,2,1,3,1,2,2,0,0,3,1,-0.42846824684224916,1034
3,0,3,0,3,2,0,2,1,0,2,2,3,0,2,3,3,2,3,1,0,2,0,3,-0.6691521015444627,1050
1,3,0,1,1,3,2,0,3,3,2,1,1,0,1,0,2,2,2,3,3,3,2,3,-0.7275957726536071,1066
2,2,0,1,2,2,0,3,3,3,1,0,0,0,2,3,3,0,3,1,3,2,2,0,-1.7386880987803852,1082
0,1,0,0,2,2,1,3,3,1,0,3,0,2,2,1,3,3,2,1,1,1,1,1,-0.4214850444819153,1099
1,0,3,1,0,1,1,1,2,3,0,1,3,1,3,2,3,2,0,3,1,2,2,2,-0.6964099761792487,1115
1,2,0,0,1,1,0,0,3,3,2,0,1,0,1,1,0,3,3,0,3,0,3,0,-1.0218470791559582,1129
3,3,1,0,1,2,0,2,0,2,2,0,2,2,3,1,3,1,3,3,1,0,3,1,-0.6964099761792488,1146
1,3,0,3,0,2,3,0,3,3,2,0,0,0,0,2,3,2,1,3,0,3,2,2,-1.2452856183546837,1162
0,1,2,3,0,2,2,0,1,3,3,0,1,1,2,3,3,3,2,0,2,3,3,0,-1.144288607672197,1178
3,0,2,2,1,0,2,0,0,0,2,2,1,3,1,3,2,0,2,2,0,0,3,3,-1.4917644873002378,1192
3,2,2,1,3,1,1,3,0,0,3,1,1,2,1,3,0,3,2,2,3,2,3,3,-0.7275957726536071,1209
3,2,3,0,3,3,3,0,1,3,1,3,3,1,0,0,3,1,2,3,1,3,2,2,-0.7275957726536071,1226
0,3,2,0,3,2,2,1,1,1,3,1,0,1,3,1,1,2,0,0,2,3,1,1,-0.4284679695754423,1242
0,2,2,2,3,0,1,2,0,1,0,0,0,1,2,1,1,1,1,1,0,0,1,0,-0.6964094313428484,1257
2,3,2,2,1,1,1,3,2,2,0,2,3,3,3,2,0,2,0,0,1,3,1,3,-1.5025373840357599,1272
0,3,0,3,0,3,1,1,0,1,1,0,0,2,1,2,0,1,1,3,2,2,1,1,-1.0267235757317719,1289
1,3,1,3,1,0,3,1,0,2,3,2,0,0,3,3,2,3,3,3,0,1,2,2,-0.7779381403447547,1305
2,3,3,1,3,2,0,3,0,0,0,2,0,0,3,3,3,3,0,1,2,1,2,2,-1.021847356422765,1321
1,0,3,2,1,2,1,3,2,0,1,3,2,3,3,3,0,3,1,1,3,3,3,2,-0.6964094313428484,1338
3,0,1,2,3,0,0,1,3,0,0,2,1,3,1,1,2,2,0,2,3,1,3,0,-0.433344466151256,1353
3,1,3,2,2,2,3,2,3,3,0,0,0,3,3,3,2,0,2,2,3,1,0,0,-0.37097178352973864,1369
1,2,1,0,2,1,2,0,1,1,1,3,2,1,1,0,2,0,1,0,2,2,3,0,-0.7984085399572325,1386
0,2,2,0,2,0,2,0,1,1,3,0,2,1,3,2,1,2,3,2,3,2,3,1,-0.7396255427475766,1402
2,2,1,3,0,2,1,1,1,1,0,2,3,1,3,2,2,2,2,1,2,1,2,1,-0.7396260875839769,1418
3,2,2,3,2,3,0,2,3,2,0,0,1,1,1,2,3,1,3,3,2,0,1,0,-0.4958848867029625,1435
1,2,3,0,2,3,1,0,0,0,0,0,3,0,2,0,1,0,2,0,2,3,3,2,-0.2050589903765344,1449
0,0,2,0,1,3,3,1,3,2,2,1,3,3,1,0,3,1,2,0,0,2,0,2,-0.4284679695754423,1464
3,1,0,1,1,3,2,0,3,3,1,1,1,3,3,0,0,3,1,0,0,3,1,0,-0.7275957726536071,1480
1,2,3,0,0,3,1,1,1,2,0,2,0,3,2,1,0,0,1,2,2,0,0,0,-0.42846824684224916,1495
3,1,3,3,2,3,0,0,0,0,1,3,1,0,3,2,2,0,2,2,0,2,1,0,-1.1512708679530343,1511
0,1,3,0,1,3,2,2,1,2,1,0,2,0,2,1,3,2,0,1,2,0,3,2,-1.0267235757317719,1527
0,3,2,1,1,2,1,3,3,1,2,1,0,1,0,3,2,1,2,1,0,2,3,0,-0.3709717835297386,1543
3,0,2,2,2,3,1,3,0,2,2,1,2,2,2,1,3,3,0,0,3,3,3,1,-0.6964094313428484,1559
3,2,3,0,1,2,1,2,3,3,0,3,1,0,1,3,3,3,1,1,0,3,2,2,-0.7587821139643658,1576
1,2,0,1,0,1,3,2,1,0,3,1,1,1,1,2,2,3,0,2,3,0,0,1,-0.6964099761792488,1592
2,3,0,3,0,1,1,0,0,2,0,0,3,2,0,2,1,3,2,1,2,1,3,1,-0.4382206854602628,1608
2,1,1,0,0,0,0,1,2,2,0,0,1,2,1,1,3,2,0,2,3,0,0,1,-0.6688127754439511,1622
1,0,1,2,0,1,3,3,2,0,3,3,2,1,3,3,0,0,0,0,3,1,2,2,-0.49571714877277345,1637
2,1,3,2,3,2,3,3,0,2,0,1,2,1,2,0,3,0,2,2,2,1,1,2,-0.6843796612488791,1654
2,1,2,2,2,2,2,3,0,2,0,0,1,2,3,0,2,1,0,0,2,2,1,0,-1.2674077077007921,1669
3,0,1,0,0,1,0,2,2,3,1,0,0,0,0,1,1,1,3,0,0,0,3,2,-0.7275957726536071,1684
3,2,0,3,2,3,0,3,0,2,3,2,0,1,3,3,2,0,2,0,3,1,0,1,-1.0218470791559582,1699
0,3,2,2,1,1,1,2,1,2,1,2,3,1,0,1,3,0,0,2,1,0,0,0,-0.6531938647745205,1714
0,1,2,3,2,1,3,2,3,2,0,1,0,3,2,2,3,3,2,0,1,1,1,1,-0.7910834010019474,1731
2,0,0,2,0,1,2,1,3,0,2,0,3,3,2,0,0,0,2,2,1,3,0,1,-0.08501586633589589,1745
3,1,3,0,0,0,3,3,2,1,3,2,2,3,3,1,1,2,0,0,2,3,2,1,-0.42846739464243816,1761
0,3,2,2,1,0,3,1,1,3,1,1,3,1,2,0,2,1,0,1,0,3,1,3,-0.4382206854602628,1777
0,3,2,3,2,2,0,2,2,3,0,1,2,0,2,1,3,1,3,2,3,0,0,1,-0.6808435080168074,1794
0,0,3,1,0,2,2,1,3,0,1,0,2,1,2,1,2,1,3,3,1,3,3,2,-0.4284679695754423,1810
1,1,3,0,1,1,3,1,0,0,0,2,2,0,3,2,1,3,0,0,0,3,3,2,-0.7467517990339958,1825
3,1,3,3,1,0,3,2,1,2,3,2,0,1,1,0,3,2,2,3,3,2,2,1,-0.433344466151256,1842
2,3,3,1,3,3,0,3,0,3,3,0,2,0,2,0,0,2,2,2,2,1,0,0,-0.4284679695754423,1857
2,3,1,0,2,3,1,1,1,3,0,0,3,3,2,2,0,1,2,2,1,2,2,3,-0.8173926592805479,1873
2,0,2,0,0,3,2,0,3,0,2,2,2,3,0,0,0,2,3,0,0,2,3,1,-1.2693463982883164,1887
2,0,2,1,2,3,3,1,1,0,1,2,1,3,1,1,3,0,1,3,1,0,2,3,-1.0218470791559582,1904
2,2,3,2,0,0,3,0,2,1,1,1,1,3,0,0,0,2,0,0,0,3,2,3,-1.0267235757317719,1919
3,3,0,1,3,1,0,3,1,0,3,3,1,3,1,3,0,3,3,1,1,2,0,1,-1.0218470791559582,1936
1,0,3,0,3,3,3,2,0,1,0,3,2,3,3,1,1,0,1,3,0,3,3,3,-0.6932110968960011,1952
3,2,3,3,2,3,1,0,1,2,1,3,3,1,0,1,2,3,0,3,0,1,2,0,-0.7672218111005912,1968
0,3,0,0,0,3,0,3,0,1,2,2,1,1,2,3,2,0,2,0,1,0,3,0,-0.3803483142665605,1982
0,0,2,2,2,3,2,0,0,1,2,3,1,0,3,3,3,2,0,3,2,2,2,2,-0.6689846825010245,1998
1,3,0,1,0,0,3,2,1,0,0,0,3,3,1,0,2,1,1,2,3,2,1,2,-0.7587815691279653,2013
1,1,0,2,0,2,0,3,1,1,0,1,3,3,0,2,2,0,2,0,1,1,2,0,-0.43334446615125605,2028
1,2,2,3,3,2,0,0,3,2,0,2,2,1,3,0,3,0,3,3,2,0,2,2,-0.8924232903588819,2045
0,2,0,0,0,2,1,1,0,0,1,2,1,3,0,2,0,0,2,3,3,2,0,0,-0.4382206854602629,2112
3,2,3,3,1,2,3,0,1,3,2,1,0,1,2,1,1,0,1,0,3,0,3,0,-0.6964099761792488,2128
2,1,1,3,2,2,2,3,0,3,0,1,3,3,1,0,2,3,0,2,3,0,1,2,-0.7910834010019474,2144
1,2,3,1,1,0,0,0,2,0,3,3,0,2,1,3,0,1,1,0,0,2,3,3,-1.0218470791559582,2159
2,3,0,3,3,2,3,0,2,2,3,3,0,1,1,2,2,2,1,0,1,0,0,1,-0.4284679695754423,2175
2,3,3,2,2,1,2,3,0,1,1,1,0,2,3,3,0,0,1,2,1,3,3,2,-0.7813303662303759,2191
1,2,2,3,0,1,2,3,2,0,0,1,3,0,0,3,3,3,2,1,3,0,3,0,-1.0218470791559582,2207
2,3,2,1,3,3,3,2,0,2,2,2,2,1,2,3,0,2,1,1,3,1,1,2,-0.4044084293875036,2224
1,2,1,1,3,2,1,1,3,1,2,3,3,3,2,1,1,2,3,1,2,3,3,3,-0.6689843636142736,2242
3,3,2,0,2,1,2,2,0,1,2,3,0,2,1,3,0,2,1,2,2,0,0,1,-0.7708113392219349,2258
0,1,2,0,0,1,1,3,0,3,1,3,3,0,2,0,1,3,3,0,1,1,0,2,-0.43334446615125605,2273
3,3,0,2,0,1,2,0,2,0,0,2,2,2,0,2,0,1,0,2,3,1,3,3,-0.7003384428552214,2289
3,2,1,1,1,2,0,3,0,0,3,2,0,3,3,1,0,2,1,0,0,3,0,2,-1.0218470791559582,2304
3,2,3,1,1,3,1,2,2,1,1,2,3,1,0,0,0,1,1,1,3,3,1,0,-0.433344466151256,2321
3,3,2,3,1,2,1,1,3,0,1,0,0,3,0,1,3,3,1,3,2,0,0,0,-0.433344466151256,2337
0,0,0,3,3,0,3,3,3,1,0,1,0,2,2,0,3,2,3,0,3,0,0,2,-0.8172252402371099,2352
1,2,0,2,3,2,3,0,0,1,0,2,0,0,0,1,2,0,1,1,1,2,0,3,-0.7275957726536071,2366
3,2,1,3,2,1,0,2,3,2,2,0,2,3,0,1,0,1,1,3,2,0,1,0,-1.021847356422765,2382
2,0,1,0,3,2,3,1,1,3,3,1,2,2,0,0,2,0,1,0,1,3,0,2,-0.4284679695754423,2398
2,0,2,1,0,2,3,2,2,2,1,0,0,1,1,0,3,2,1,3,3,2,1,3,-0.06828039234527944,2414
3,3,0,1,2,2,3,3,0,2,3,2,0,2,3,3,0,1,1,1,2,0,1,1,-1.0218470791559582,2431
1,0,1,0,2,1,1,3,3,3,0,0,2,0,2,0,3,2,1,3,2,0,2,0,-0.433176728221067,2446
0,0,2,3,1,3,3,0,3,2,2,2,1,2,2,3,2,1,0,1,0,2,0,0,-1.0267235757317719,2461
2,3,1,2,1,3,2,3,2,2,2,0,3,1,2,0,1,1,1,1,0,2,2,2,-0.9091585437913465,2478
1,2,3,3,1,2,0,1,2,3,3,2,0,1,2,0,2,3,2,3,3,0,2,1,-0.7587815691279653,2495
0,1,1,1,2,2,3,0,0,1,0,3,3,1,2,3,1,0,2,3,1,2,2,0,-0.7275957726536071,2511
2,3,1,1,2,1,2,2,3,0,2,1,1,0,2,2,2,2,2,0,3,0,3,1,-0.5511956885424194,2527
0,3,2,1,3,3,2,3,1,3,3,3,0,3,0,2,0,0,1,1,3,0,0,0,-0.7275957726536071,2543
1,2,2,3,2,2,2,2,2,1,2,1,1,2,0,1,0,3,1,3,0,0,2,0,-0.7862071816929406,2560
0,0,2,2,2,0,0,1,2,2,3,1,1,1,2,1,2,2,0,0,3,2,1,2,-0.4382206854602629,2575
3,3,1,1,2,1,3,0,1,3,2,2,3,1,2,0,1,2,1,1,2,3,3,2,-0.7984085399572327,2593
1,1,0,2,1,0,2,2,1,0,1,3,3,1,2,3,3,2,0,3,3,0,3,0,-0.5944117999471477,2609
3,2,0,3,0,1,3,2,1,0,2,0,2,1,1,1,0,0,0,0,2,0,1,2,-0.8173935230036993,2623
3,2,0,0,1,3,1,1,1,1,3,3,3,1,1,0,1,2,0,2,1,2,1,2,-0.7275957726536071,2639
3,3,1,3,2,0,3,0,3,0,1,2,2,0,2,3,1,1,0,1,3,3,0,2,-0.7587815691279653,2656
3,2,2,1,0,2,0,0,2,0,1,3,2,0,3,0,1,1,1,3,1,1,0,2,-0.7236673059776345,2672
3,0,3,2,0,3,1,3,0,3,1,2,1,3,2,3,3,3,0,0,2,3,2,1,-0.8173926592805479,2688
3,2,0,1,2,3,0,2,2,1,0,0,2,0,3,2,2,1,3,3,0,1,0,3,-1.1512708679530343,2704
0,2,1,0,0,0,3,0,0,1,2,2,1,3,2,1,2,3,2,3,1,2,3,0,-0.4284679695754423,2720
0,2,0,0,3,2,0,1,1,0,2,0,0,0,2,0,0,1,0,1,0,3,2,2,-1.0267235757317719,2734
1,2,0,3,1,3,2,0,1,0,1,0,1,2,2,0,3,0,1,2,3,3,1,1,-0.7860394437627516,2752
0,2,0,3,1,2,2,2,3,1,3,0,1,2,1,2,3,2,0,0,1,1,1,3,-0.6689843636142736,2768
1,1,1,2,1,3,3,3,0,0,1,2,2,1,2,2,3,3,0,3,3,3,0,0,-0.7001707049250323,2785
2,2,0,1,0,0,0,1,3,1,3,2,2,2,3,0,0,0,3,1,1,3,3,3,-0.7275957726536071,2801
0,2,1,1,1,1,0,1,3,1,3,3,0,2,2,2,1,1,3,0,1,1,3,2,-0.08031405429932639,2818
2,3,2,3,1,2,1,2,2,0,2,1,1,0,2,1,1,1,2,2,2,0,3,1,-0.4284679695754423,2835
0,3,3,0,3,1,2,1,1,1,0,0,1,0,1,2,3,2,0,1,3,2,2,3,-0.7275957726536071,2851
3,3,1,1,1,3,1,3,1,2,2,3,0,3,2,1,3,2,0,3,0,0,2,1,-0.6377988860266663,2867
1,1,1,3,0,2,0,0,0,2,1,1,1,2,1,0,3,0,3,0,1,3,2,3,-0.433344466151256,2884
2,1,3,3,2,3,1,3,2,2,2,0,3,2,2,0,1,2,0,1,1,0,0,2,-0.7155660025596378,2900
1,1,3,1,1,3,3,2,2,3,2,2,0,3,2,2,3,0,2,0,3,0,2,3,-1.0267235757317719,2916
1,0,0,2,3,0,1,1,3,1,1,1,3,1,0,0,3,3,2,3,2,2,3,2,-0.433344466151256,2933
2,1,1,0,1,1,1,1,3,1,3,2,0,3,3,3,3,1,0,0,1,0,2,0,-0.44520333328698297,2950
1,3,2,1,1,1,0,3,3,0,3,3,1,3,2,0,1,3,3,3,3,0,0,0,-0.7275957726536071,2966
0,3,2,3,2,0,0,2,2,1,3,2,1,1,2,0,2,0,2,0,2,3,0,1,-0.7860394437627516,2981
3,1,3,2,1,2,2,2,0,0,3,0,2,2,2,2,3,2,1,1,2,3,0,3,-0.6843796612488791,2998
1,3,3,3,3,1,1,3,1,3,2,0,3,3,0,1,1,1,3,3,1,2,2,0,-0.7396255427475764,3016
3,1,0,0,1,0,3,3,2,3,1,1,3,3,0,2,0,0,3,1,1,0,0,1,-1.0218470791559582,3031
1,1,3,0,2,2,1,0,1,0,0,3,3,3,0,2,0,0,3,2,3,2,2,1,-0.7275957726536071,3047
1,0,0,0,1,0,0,0,2,2,2,2,2,3,0,3,2,0,3,0,2,1,1,1,-1.2452856183546837,3061
1,2,3,0,0,2,1,1,2,3,3,2,2,2,3,0,1,3,1,0,1,1,3,1,-1.0267235757317719,3078
2,2,1,1,3,3,2,3,1,1,1,2,3,0,1,0,3,1,2,0,0,1,2,3,-0.7672227434828742,3095
3,1,3,1,3,2,3,1,0,0,0,3,2,0,0,0,2,2,2,3,0,1,3,2,-0.7396255427475764,3110
1,1,2,3,2,0,1,3,0,3,3,1,2,1,0,0,1,3,2,3,1,2,0,3,-0.4284679695754423,3127
3,3,0,2,0,1,3,1,0,1,3,2,3,3,0,3,1,2,1,1,2,3,3,3,-0.6377988860266662,3144
0,3,2,0,1,3,3,2,0,1,0,3,3,1,1,1,2,0,1,2,1,1,2,0,-0.4284679695754423,3160
1,0,2,2,1,1,1,0,0,3,0,1,0,0,3,2,3,0,2,3,1,2,1,1,-0.433344466151256,3175
2,2,0,2,2,0,3,1,3,2,1,3,1,1,3,2,3,2,0,0,2,3,3,3,-0.6964094313428484,3192
1,1,1,3,3,3,0,0,1,0,1,2,2,1,3,3,0,1,1,0,3,3,1,0,-0.7587821139643658,3208
0,1,3,3,3,3,2,1,1,1,3,2,0,0,1,2,3,1,3,1,0,1,0,3,-0.49571578183316567,3224
3,0,0,2,0,1,1,1,3,2,2,1,1,1,1,3,3,1,0,2,3,0,1,0,-0.7275957726536071,3241
0,1,3,2,0,0,2,3,2,3,1,3,2,3,1,2,1,0,2,2,3,3,1,0,-0.4382206854602628,3258
1,0,2,0,3,1,2,3,0,1,0,2,1,2,2,1,3,2,1,2,2,2,2,0,-1.1512708679530343,3273
2,2,2,3,0,0,0,0,0,3,1,0,1,2,2,0,2,1,3,1,3,1,0,1,-0.08031448346515338,3290
0,1,1,2,0,1,2,3,0,3,1,2,0,3,1,1,2,1,3,3,3,0,0,3,-0.4284679695754423,3306
2,1,2,3,1,0,2,0,2,3,3,0,2,3,2,2,1,3,3,2,1,1,1,1,-0.7275957726536071,3323
2,0,2,0,3,3,1,3,3,0,2,2,2,1,3,3,3,0,1,0,0,0,3,2,-1.0218470791559582,3338
3,2,3,0,2,2,3,1,3,2,0,2,1,3,2,2,3,0,1,0,3,1,3,3,-0.9047919990074802,3355
2,1,3,3,1,2,3,0,3,3,1,1,3,1,3,0,2,3,2,2,3,0,2,3,-0.4284679695754423,3371
3,0,3,1,2,0,3,0,3,1,0,0,1,2,3,2,0,2,2,1,1,1,2,1,-0.7984085399572327,3387
0,2,1,2,3,1,3,1,3,0,2,2,1,3,0,1,0,0,3,0,3,3,2,2,-0.05154458437920098,3403
1,1,0,1,0,3,1,1,2,3,3,3,0,3,1,0,2,3,2,3,1,1,3,1,-0.8295944937221086,3419
3,3,2,3,3,3,0,0,1,0,2,0,3,1,1,3,0,3,3,3,2,2,1,1,-0.7275957726536071,3436
0,3,0,3,3,3,3,3,1,2,3,2,3,2,2,1,0,3,1,2,1,2,3,3,-0.7587821139643658,3452
3,2,3,3,3,2,2,2,1,2,3,0,2,3,1,0,2,3,2,0,0,2,1,0,-0.7396255427475766,3469
0,3,3,3,3,3,1,0,2,3,3,0,3,0,1,2,0,1,1,0,2,2,3,3,-0.4284676923086354,3485
2,2,2,1,1,0,0,0,0,2,0,1,1,1,3,2,2,0,3,2,3,3,1,0,-1.7333016504126242,3500
0,0,0,0,3,1,3,3,2,2,2,2,2,0,0,1,3,1,0,0,2,0,2,3,-0.42846769230863546,3515
0,1,0,2,1,0,1,2,2,1,3,1,0,3,0,1,1,0,3,1,1,0,2,3,-0.7275957726536071,3530
1,3,2,3,1,3,0,3,0,3,3,0,0,3,2,1,3,2,3,3,2,2,0,2,-1.2623637920815405,3547
0,2,1,2,2,0,2,2,3,2,0,3,3,0,1,2,3,2,0,2,0,2,1,2,-0.6964094313428484,3562
2,0,2,1,0,2,1,3,2,0,0,0,3,0,0,0,3,2,3,2,3,3,2,2,-1.0218470791559582,3577
1,2,0,1,3,1,0,1,1,3,0,3,0,3,0,3,0,3,0,2,3,0,2,0,-0.7708113392219349,3592
0,1,3,1,0,3,1,1,1,2,2,3,2,3,3,0,2,3,1,3,2,2,0,2,-0.6808435080168074,3609
3,1,0,2,3,0,2,0,0,2,2,2,0,2,3,2,2,2,1,2,1,2,0,0,-0.6567830053499816,3624
1,2,1,0,1,2,2,1,3,1,0,0,3,3,0,3,1,1,2,1,1,0,2,0,-0.7275957726536071,3641
0,2,0,0,3,3,3,0,0,1,0,2,0,0,0,0,0,0,2,2,0,0,1,0,-0.7907412141793768,3653
2,3,1,0,0,0,0,0,0,1,3,2,2,3,1,2,2,0,1,0,1,0,2,1,-1.0267235757317719,3668
3,0,1,3,3,2,3,2,0,0,1,0,3,0,1,1,2,1,2,3,3,3,3,2,-0.7275957726536071,3684
3,3,3,2,0,3,1,1,0,0,1,2,2,1,3,0,0,3,0,1,2,3,2,1,-0.8173926592805479,3701
1,0,0,0,1,2,1,2,0,2,2,2,0,0,2,2,2,3,0,2,2,1,3,3,-0.3711395214599277,3718
3,0,3,2,1,1,2,2,0,1,1,0,1,0,2,2,1,3,3,3,1,2,2,3,-0.7275957726536071,3736
0,3,2,2,2,2,3,1,0,0,3,3,1,1,2,0,2,0,3,2,2,2,1,0,-0.4284676506886914,3752
1,1,0,2,0,0,1,2,3,2,3,0,1,0,0,1,0,3,3,2,0,2,2,2,-0.7743483561771578,3768
2,2,3,0,2,1,3,2,1,3,2,3,1,3,2,3,0,2,0,2,0,0,0,1,-0.6964094313428484,3784
1,2,1,2,1,1,0,3,2,3,2,0,3,0,0,3,1,2,1,1,0,2,0,2,-0.7862071816929406,3800
1,0,0,3,2,0,0,2,0,3,0,3,0,2,2,3,0,2,2,3,0,2,2,3,-0.8173935230036993,3815
0,3,2,1,1,0,0,1,2,1,1,0,0,3,0,3,3,0,1,0,1,2,3,2,-0.7275957726536071,3830
1,0,3,2,2,2,2,2,0,3,0,3,3,3,0,2,0,2,0,3,0,1,3,3,-0.79840815241135,3846
3,1,2,1,1,1,3,1,2,1,3,2,1,1,1,1,2,0,0,0,0,1,2,3,-0.7275957726536071,3862
3,3,0,0,3,2,2,1,1,1,1,0,0,1,1,2,3,0,0,1,0,0,0,1,-0.9095010765398558,3877
3,3,3,3,3,2,3,3,0,3,2,2,3,2,2,1,1,2,3,1,2,2,0,1,-0.7275957726536071,3894
3,0,0,3,1,3,0,0,1,2,0,1,0,1,0,1,3,2,3,3,3,0,0,0,-0.6689843636142736,3909
2,0,1,0,2,3,1,0,2,2,1,1,1,2,2,0,0,2,3,1,0,3,3,2,-0.7961273166211993,3926
2,2,0,0,2,2,1,1,2,2,3,2,2,1,0,1,3,1,2,1,2,0,1,3,-0.6964099761792488,3942
1,3,2,2,0,1,0,0,1,2,2,0,3,3,1,3,3,1,2,1,2,2,1,1,-0.7275957726536071,3959
1,3,3,1,2,3,2,0,2,2,1,0,0,1,1,2,1,2,2,3,2,3,0,2,-0.433344466151256,3975
1,1,0,1,0,0,3,0,1,3,3,2,1,2,3,0,1,1,3,1,0,3,3,1,-0.7813303662303759,3992
0,2,0,2,0,1,3,2,3,2,0,2,2,3,0,1,0,0,3,3,0,0,3,1,-1.021847356422765,4006
1,1,2,3,1,0,1,3,1,1,3,2,3,3,2,3,3,2,0,0,1,0,1,3,-0.7813309623839337,4023
3,3,1,1,1,2,1,0,1,3,2,2,2,3,0,0,2,3,3,1,3,2,1,0,-1.0218470791559582,4040
2,2,1,3,1,1,3,0,3,3,2,3,1,3,3,3,3,0,1,1,3,2,0,2,-0.4452033332869829,4057
0,3,3,0,3,3,3,2,2,3,1,2,2,1,0,1,2,2,3,1,1,3,2,3,-1.0267235757317719,4073
0,1,3,2,1,1,2,1,1,2,0,1,0,0,3,3,2,0,2,1,0,3,2,3,-0.7275957726536071,4089
2,3,3,0,1,1,3,0,3,3,1,0,2,1,3,0,1,2,2,1,3,2,3,2,-0.6964094313428484,4106
1,1,1,3,1,0,3,1,0,2,3,0,2,2,2,0,0,0,3,0,2,1,3,2,-0.433344466151256,4121
1,3,1,2,3,0,1,1,0,1,0,1,3,2,3,1,1,3,3,2,0,0,1,2,-0.7587815691279653,4138
1,3,1,1,1,3,3,1,1,1,0,2,0,0,0,1,2,2,0,0,1,1,1,1,-0.7275957726536071,4154
0,0,1,2,2,1,1,3,0,2,1,0,0,2,3,0,1,0,2,0,1,1,3,2,-0.43334446615125605,4169
0,2,3,2,2,0,1,2,1,3,1,2,2,1,0,2,2,1,3,1,3,0,3,0,-0.7275957726536071,4185
0,1,2,3,2,3,3,3,1,1,2,3,2,2,1,3,2,2,2,2,1,3,1,2,-0.7587821139643658,4202
3,1,1,0,0,2,1,3,2,0,0,0,2,2,0,2,1,0,1,3,2,1,2,1,-0.6932116417324016,4218
0,2,1,1,0,3,1,2,3,3,0,2,3,3,2,3,0,2,3,3,1,0,1,1,-0.7275957726536071,4234
0,2,3,2,1,1,3,0,2,0,3,3,3,0,0,1,0,2,1,0,2,2,1,1,-0.42846824684224916,4250
2,2,1,2,3,0,2,1,0,1,2,1,3,0,2,1,3,3,2,0,3,3,2,3,-0.7155660025596375,4326
0,3,1,0,0,1,1,1,3,3,1,3,3,0,3,2,3,1,0,0,0,1,3,2,-0.7275957726536071,4342
3,1,0,2,3,3,1,0,2,3,1,2,2,3,3,2,1,2,1,3,1,1,1,0,-0.7275957726536071,4359
2,3,3,1,0,3,3,1,3,2,0,3,2,0,2,3,2,3,2,2,3,3,1,2,-0.6843802060852794,4376
2,0,0,0,3,0,0,2,1,2,1,3,1,2,0,2,0,2,3,3,3,1,0,0,-0.05154458437920098,4391
1,2,1,0,1,2,2,2,3,2,1,1,1,1,2,1,0,1,3,1,0,0,1,0,-0.7862071816929406,4408
1,0,3,1,2,2,0,3,3,2,3,1,0,3,3,3,2,0,1,1,3,1,1,3,-0.7275957726536071,4424
0,1,1,2,2,1,3,1,3,2,3,1,1,2,3,0,1,2,3,1,0,2,0,0,-0.7275957726536071,4441
1,0,0,3,1,3,3,3,3,3,1,2,2,2,0,2,0,0,2,3,0,1,1,1,-0.7275957726536071,4457
1,2,3,0,2,3,1,3,2,1,1,3,0,2,2,0,3,3,1,3,0,1,0,1,-0.4284679695754423,4474
2,3,0,1,3,1,1,2,2,0,1,0,1,0,2,3,1,1,2,3,3,3,3,1,-0.7275957726536071,4490
0,2,2,1,2,0,0,3,3,1,0,0,2,2,0,1,0,0,0,0,0,2,1,1,-0.7862071816929406,4504
1,0,1,1,1,1,3,2,2,3,1,3,0,1,1,3,3,1,1,3,2,3,1,3,-1.138902117684492,4522
2,2,1,1,3,2,0,1,3,2,0,2,1,0,0,2,3,0,2,1,2,3,2,1,-0.7396260875839769,4538
2,3,0,0,0,3,1,3,2,2,0,3,0,1,3,3,3,2,2,0,1,0,0,1,-1.0267235757317719,4553
2,3,0,3,3,2,3,0,2,1,2,3,1,0,1,1,2,0,2,3,1,1,2,3,-0.4284679695754423,4569
2,3,3,2,1,3,1,2,1,1,1,0,1,0,1,2,0,3,1,2,2,3,1,2,-0.43334446615125605,4585
0,0,0,3,0,2,3,2,1,1,2,0,0,2,2,3,2,2,3,2,1,2,0,3,-0.7155660025596375,4601
3,1,2,3,3,2,2,1,2,3,3,3,3,3,0,2,0,3,0,2,2,1,0,3,-0.4525280846963854,4617
3,1,0,1,1,0,0,2,0,1,3,2,1,0,1,2,0,1,3,2,3,2,0,2,-0.7587821139643658,4633
2,0,0,2,3,2,3,2,2,1,2,1,0,3,2,2,3,1,0,2,0,1,3,0,-0.6964094313428484,4649
1,2,2,1,2,2,3,0,0,1,2,2,1,0,1,0,3,1,2,3,3,2,0,0,-0.433344466151256,4665
0,2,0,3,0,3,1,0,0,3,1,3,0,0,3,2,1,1,1,2,3,3,3,0,-0.7550210663318314,4680
0,2,0,3,1,2,3,2,3,0,3,0,2,2,0,1,2,2,3,1,0,1,2,1,-0.7984081524113499,4696
3,0,1,2,3,1,1,2,2,2,2,1,2,1,0,1,3,3,1,3,0,3,2,1,-0.07089649538813309,4713
0,1,3,0,3,1,2,0,0,1,1,0,2,2,3,2,1,0,3,0,2,2,1,0,-0.7743480372904068,4729
3,1,2,0,0,0,0,1,3,1,3,2,3,3,0,1,2,3,3,3,3,1,3,3,-0.7275957726536071,4746
1,3,2,0,1,0,0,3,0,0,3,2,0,1,1,1,3,1,0,1,0,0,2,1,-0.7275957726536071,4762
3,1,3,1,0,1,2,3,2,0,1,2,3,2,1,3,0,3,3,3,0,1,0,3,-1.0218470791559582,4778
0,1,2,0,1,0,0,1,2,2,2,3,0,1,3,2,0,1,1,1,1,3,0,1,-0.8053911461640085,4794
0,2,2,2,1,2,1,1,3,1,3,1,3,0,2,0,1,2,2,2,0,2,3,0,-0.7396255427475764,4810
1,2,1,1,0,3,2,1,0,0,2,0,3,3,3,0,1,3,3,2,2,2,1,3,-0.7236673059776347,4826
1,0,1,3,1,0,1,2,3,3,2,0,0,1,0,2,2,2,1,0,2,3,0,2,-0.6964094313428484,4842
1,3,3,2,1,1,2,0,2,2,1,0,0,0,0,2,0,3,1,1,3,3,2,0,-0.7275957726536071,4858
3,0,1,0,2,0,1,0,2,3,1,2,2,1,0,0,3,3,3,3,1,3,1,1,-0.7467517990339958,4874
0,3,0,0,3,0,2,2,3,1,0,3,2,1,3,1,2,0,1,0,3,1,1,0,-0.5944117999471477,4890
3,1,3,1,0,3,3,3,3,2,3,1,3,2,2,3,0,1,3,0,1,0,1,0,-0.6377980223035149,4907
0,1,2,1,0,2,0,0,2,3,3,1,0,2,0,3,0,1,1,3,1,3,1,1,-0.4284689320543294,4923
0,1,3,0,2,2,1,1,1,3,1,3,0,2,0,3,2,3,1,3,1,0,3,1,-0.6964099761792487,4939
0,1,2,0,0,0,1,3,1,1,2,0,0,0,0,2,2,3,0,0,3,1,2,3,-0.7396255427475764,4954
3,3,0,0,3,3,3,0,3,1,3,2,3,2,2,2,0,1,0,0,1,0,1,2,-0.7587821139643658,4970
3,0,0,0,1,0,2,3,2,1,1,3,2,2,2,2,2,1,1,1,2,3,1,2,-0.09966536915470078,4986
0,0,2,2,1,2,3,2,0,3,1,1,0,1,1,2,2,2,0,3,3,1,3,0,-0.07560557292050868,5002
1,2,1,2,3,3,1,0,1,0,3,0,1,3,2,1,0,3,2,3,2,3,3,1,-0.7396249979111763,5018
1,3,1,1,2,1,1,3,2,1,0,3,3,3,1,1,2,3,2,0,0,0,1,2,-0.7275957726536071,5035
0,0,3,3,3,2,3,3,3,2,1,1,1,2,1,1,3,0,3,3,0,3,0,0,-0.6964099761792487,5051
2,0,1,2,0,2,3,3,3,0,0,3,0,0,0,1,0,0,1,2,3,0,0,3,-0.07560497676695088,5065
0,1,2,1,2,2,0,3,2,3,1,0,2,2,0,1,0,3,1,0,2,1,3,2,-0.4284676923086354,5081
3,0,2,3,0,3,0,1,2,2,0,1,1,3,2,0,1,2,0,3,1,0,1,3,-0.37097178352973864,5096
0,3,1,3,2,1,0,3,1,1,2,2,0,2,0,3,2,3,0,2,3,1,3,1,-0.7275957726536071,5113
1,0,3,3,3,1,0,1,1,2,1,1,2,2,1,0,3,3,1,0,3,3,3,1,-0.42846769230863546,5130
2,1,3,3,3,3,2,0,0,2,3,1,0,3,2,0,3,3,0,3,3,3,0,2,-0.7275957726536071,5146
3,0,2,1,3,3,3,1,2,3,3,2,2,3,3,3,2,1,2,3,1,3,2,3,-0.4211434954328467,5163
2,0,2,2,2,3,1,2,1,2,0,2,3,1,0,2,0,0,2,1,0,0,2,1,-0.7813309623839337,5178
2,2,2,1,2,1,2,3,2,2,0,1,1,1,0,0,1,1,1,0,1,0,0,0,-0.7275957726536071,5193
2,0,2,2,0,1,2,1,2,1,2,2,2,3,1,2,1,3,3,0,3,0,3,3,-0.433344466151256,5210
3,1,3,3,0,2,2,2,3,2,1,1,0,1,1,1,3,2,3,1,2,3,0,2,-0.7708118840583353,5227
1,2,3,0,0,2,1,2,1,0,3,3,0,3,0,1,2,0,0,2,2,3,1,1,-0.7155660025596378,5242
1,0,0,0,3,3,3,1,2,3,1,0,2,1,1,1,2,2,1,2,0,2,1,2,-0.7275957726536071,5259
0,3,2,3,3,0,0,0,3,3,2,0,2,0,0,2,1,0,2,0,2,0,2,1,-0.7003384428552214,5274
3,1,2,1,3,0,1,2,3,2,3,0,3,0,3,3,0,3,0,3,2,3,0,2,-0.8175647236281391,5290
0,1,0,1,2,0,0,2,2,1,1,2,2,0,3,2,2,2,0,1,0,3,0,1,-1.7386880987803852,5306
1,0,3,1,1,1,0,1,0,0,2,2,1,1,2,3,2,1,2,1,2,3,2,1,-0.7862071816929406,5322
3,2,3,3,2,3,1,2,3,1,1,1,0,1,0,1,0,3,0,2,2,3,1,1,-0.8173935230036993,5339
2,0,0,3,2,2,3,2,0,0,1,1,2,2,3,2,3,3,1,1,3,1,2,2,-0.6964099761792488,5356
3,1,1,0,2,0,0,3,0,2,3,2,3,0,0,1,1,2,2,3,2,2,1,1,-0.7548531024519928,5372
0,2,3,1,3,0,3,0,2,1,1,2,3,0,0,0,1,0,2,3,0,1,1,3,-0.3709717835297386,5388
3,2,0,1,2,0,3,3,0,3,1,2,3,3,2,3,1,1,2,0,2,1,3,3,-0.4284679695754423,5405
2,2,2,3,3,0,1,3,2,0,2,1,2,3,1,2,1,2,2,3,0,1,2,3,-0.07560557292050873,5422
3,1,0,3,1,1,1,2,1,0,1,3,3,2,3,0,0,0,2,2,0,1,2,3,-0.848411738838386,5438
3,2,3,3,3,1,1,3,3,2,3,3,3,2,1,3,2,2,0,1,1,3,1,3,-0.7275957726536071,5456
1,2,3,1,2,3,1,0,0,3,1,0,1,1,1,2,3,0,1,0,1,1,0,1,-0.07089649538813309,5472
2,3,3,2,1,2,2,1,3,2,3,0,2,1,3,0,0,0,0,3,0,0,1,1,-0.6255970515851056,5488
0,3,3,2,1,1,1,2,1,0,1,0,1,2,3,0,3,3,2,3,1,0,1,1,-0.7708118840583353,5505
0,0,2,1,0,3,1,1,0,2,1,1,0,3,2,0,0,0,2,1,0,3,0,3,-0.4382206854602629,5520
3,0,0,0,3,3,1,1,1,2,0,1,0,2,3,2,3,3,2,1,3,2,1,0,-1.1512708679530343,5536
1,0,2,3,0,2,3,1,3,1,1,1,1,0,1,0,1,3,3,2,2,0,0,0,-0.43334418888444914,5552
2,3,0,2,0,1,0,3,3,0,0,1,3,1,1,1,0,3,0,0,3,3,1,3,-0.9091585437913466,5567
1,0,2,0,3,1,0,1,2,2,3,3,1,2,0,0,3,3,2,0,2,0,0,0,-0.4044084293875036,5582
1,3,0,1,3,1,2,0,1,1,1,1,0,2,0,2,3,1,0,1,2,2,1,0,-0.6377988860266662,5598
3,0,0,2,1,0,1,3,3,2,1,3,3,1,3,1,3,1,1,0,0,3,2,3,-0.43334418888444914,5615
3,2,3,1,0,1,1,3,0,1,3,0,1,0,2,1,1,3,2,0,1,1,0,2,-0.433344466151256,5631
0,3,2,1,0,3,3,0,3,1,3,3,2,1,3,3,3,2,3,0,2,1,1,1,-0.6689843636142736,5648
3,0,1,2,2,0,3,0,3,2,3,1,2,3,0,3,0,3,3,3,0,1,3,3,-0.7155660025596378,5664
1,1,1,3,0,2,0,1,1,2,3,3,2,2,3,1,2,2,3,3,3,0,2,1,-0.6964094313428484,5681
0,1,0,2,0,1,1,2,2,1,3,3,1,0,2,0,3,3,3,3,2,3,3,1,-1.2452856183546837,5698
1,3,0,2,1,0,0,0,2,2,3,2,1,3,1,0,1,3,3,2,0,2,3,3,-0.6928732781107769,5714
3,1,1,0,0,3,1,1,1,2,3,2,2,1,1,2,1,1,3,3,2,2,0,3,-0.7275957726536071,5731
2,3,2,1,0,2,2,1,1,2,1,1,0,1,1,2,1,0,3,3,2,1,1,2,-0.7862068628061896,5748
3,3,1,1,0,0,2,3,0,1,2,1,2,1,2,1,2,1,0,2,0,1,0,3,-1.021847356422765,5764
3,1,3,3,3,2,3,3,2,2,0,0,2,0,2,3,0,0,3,1,3,0,2,1,-0.7275957726536071,5780
2,1,3,3,0,2,2,0,1,0,0,0,3,0,2,3,3,0,2,1,0,0,0,2,-0.7275957726536071,5794
0,1,2,0,1,3,0,2,1,1,3,0,1,2,3,0,1,3,3,1,0,1,2,3,-0.7275957726536071,5811
0,0,0,3,1,3,2,0,2,2,3,2,0,2,1,3,2,3,3,2,3,3,3,0,-1.2623637504615963,5826
1,2,3,0,3,1,1,3,1,3,1,2,0,3,2,2,0,1,2,1,3,3,3,2,-0.7587821139643658,5843
2,2,0,2,0,3,3,1,1,1,3,0,0,1,0,3,0,3,1,2,2,2,3,3,-0.789967910438724,5859
3,1,3,2,2,2,1,2,1,0,0,2,2,1,1,0,3,0,1,1,1,2,1,3,-0.6652236348684901,5875
0,1,1,3,1,0,1,2,0,0,1,2,2,2,1,0,2,0,0,3,2,1,2,0,-0.07560557292050868,5890
3,3,2,0,3,0,1,0,2,1,0,3,0,0,2,2,2,0,0,1,2,2,1,3,-1.0218470791559582,5906
0,2,2,3,1,1,3,0,0,3,0,1,0,1,3,0,1,3,0,2,2,0,3,1,-0.3709717835297386,5922
0,3,1,3,3,1,0,3,0,1,3,2,0,3,2,1,1,0,3,2,2,0,0,0,-0.7275957726536071,5937
1,2,3,1,1,3,1,1,0,0,0,2,3,3,0,2,3,2,2,2,2,3,3,0,-1.1389021593044362,5953
2,1,1,2,2,2,1,2,2,3,3,2,3,1,3,2,2,3,0,0,2,0,1,3,-0.07089649538813309,5970
1,1,3,3,3,1,0,0,0,0,0,2,1,2,1,0,2,0,2,0,3,2,3,1,-0.7275957726536071,5985
1,1,1,3,1,2,3,0,0,0,1,0,2,1,2,0,1,2,2,0,0,3,0,3,-0.7275957726536071,6002
2,1,0,3,3,2,0,3,1,1,0,1,1,3,1,1,0,3,2,0,2,0,2,1,-0.43334446615125605,6019
3,3,3,2,0,3,3,3,3,2,0,3,3,2,3,3,1,2,0,0,0,0,3,1,-0.7587821139643658,6036
1,2,0,0,3,3,1,2,3,1,0,2,0,1,3,0,1,0,3,3,2,1,0,3,-0.6964094313428484,6051
2,0,0,3,1,0,1,1,3,0,0,1,2,3,0,0,0,2,0,2,3,3,2,1,-1.2623637504615963,6066
2,0,2,3,2,2,2,2,2,3,1,3,1,1,2,1,2,1,0,0,0,2,3,2,-0.4284679695754423,6083
3,3,0,0,0,0,2,3,3,2,3,0,3,0,2,2,0,3,2,2,2,3,0,2,-0.8173926592805478,6098
0,2,1,3,2,2,0,0,1,2,3,0,1,0,1,1,0,3,3,1,2,1,1,2,-0.6964099761792487,6114
3,2,3,2,3,1,1,3,2,1,3,2,3,3,3,3,1,0,3,3,2,0,1,1,-0.6964099761792487,6131
1,3,1,2,1,2,2,3,3,0,3,0,3,2,3,3,3,3,1,2,0,0,3,3,-0.7003384428552214,6148
1,0,2,2,3,0,3,0,0,1,0,3,2,1,0,1,0,3,1,1,0,3,2,1,-0.7155660025596375,6164
2,2,1,3,2,1,2,3,0,3,2,2,0,3,2,0,0,2,0,1,1,1,2,1,-0.4044084293875036,6180
3,1,0,2,2,3,3,2,3,1,0,0,3,2,1,3,2,0,1,1,2,1,0,0,-0.8924232903588818,6195
0,0,3,2,1,1,2,3,0,1,0,2,2,3,3,0,0,2,1,0,1,2,1,1,-1.2623637920815405,6211
0,3,0,1,3,0,2,3,1,2,2,2,0,3,2,2,0,3,3,3,2,3,3,1,-0.7275957726536071,6227
0,1,0,1,0,2,0,1,2,2,0,2,1,0,0,1,3,0,2,2,0,1,0,3,-0.4284679695754423,6241
2,2,2,2,1,1,0,0,3,0,3,2,0,2,3,1,3,0,3,3,1,0,2,2,-0.7275957726536071,6256
0,3,3,3,0,1,2,3,0,0,1,0,0,1,1,1,3,0,3,2,0,1,3,1,-0.7779381403447547,6272
1,2,2,3,2,2,1,2,1,2,2,2,3,2,2,1,0,3,1,0,3,0,3,1,-0.7862071816929406,6289
3,0,3,2,0,0,2,3,2,2,2,0,2,1,3,0,1,0,0,2,3,2,2,1,-0.8107772486058309,6304
0,0,0,1,2,1,0,1,2,1,2,2,3,0,0,1,3,3,0,3,2,2,2,3,-0.4957171487727734,6320
2,1,1,0,1,0,2,0,0,0,3,3,1,2,0,1,3,2,0,0,0,2,2,3,-1.0218470791559582,6335
3,3,3,1,0,0,1,3,2,1,1,3,2,0,1,2,2,3,3,2,1,1,0,3,-0.7623182671964375,6352
3,2,2,0,2,2,2,1,1,0,0,3,0,2,3,2,0,3,0,0,0,2,0,0,-0.7708113392219349,6367
2,2,3,0,2,3,3,0,1,1,3,2,0,1,3,3,0,3,1,3,0,0,3,2,-0.7275952278172066,6383
2,1,1,0,1,2,2,2,0,0,1,1,1,1,2,1,0,1,2,1,0,3,0,3,-0.4284676923086354,6399
0,1,1,1,1,0,3,1,3,2,2,1,2,2,0,2,0,0,1,0,0,3,2,2,-1.0267235757317719,6415
3,1,1,1,0,0,3,1,0,0,1,2,1,1,0,3,3,3,3,1,1,0,0,1,-0.4284679695754423,6431
1,1,1,1,3,1,2,1,2,1,2,2,0,2,2,0,3,1,1,2,1,0,2,3,-0.4284679695754423,6448
3,2,2,2,1,1,0,0,2,0,0,1,0,0,1,1,2,3,2,3,0,2,1,2,-0.7548531024519928,6464
0,3,0,2,3,3,1,1,0,0,2,3,3,2,3,3,2,0,0,2,0,0,0,0,-0.7860394437627514,6533
0,3,3,2,0,3,0,1,3,2,2,1,1,2,1,3,3,3,0,1,0,1,3,0,-0.6808435080168074,6549
0,0,2,1,2,2,2,0,2,3,3,3,0,2,1,2,1,0,2,2,0,2,3,1,-0.668813737922838,6565
2,1,0,1,1,2,2,3,1,1,3,1,0,1,1,0,0,3,2,3,0,1,0,3,-0.4525284722422681,6582
0,2,3,0,2,0,0,2,2,0,2,0,3,2,2,3,2,0,3,2,3,3,1,0,-1.4971512815939376,6596
1,2,0,1,1,0,3,2,0,2,3,3,3,1,2,2,1,2,2,0,2,1,0,0,-0.43334446615125605,6613
0,1,2,2,2,2,1,1,3,3,0,3,3,0,1,1,1,2,0,2,0,3,1,1,-0.7155660025596375,6629
1,0,2,0,2,0,0,0,0,1,3,1,0,3,0,2,0,0,2,1,0,0,2,0,-0.433344466151256,6643
1,2,1,2,3,1,3,3,1,3,3,2,3,3,2,2,2,2,2,3,1,0,0,2,-0.7275957726536071,6660
0,1,2,2,1,1,2,1,2,0,3,3,3,2,1,0,3,2,1,2,3,2,3,0,-0.7155660025596378,6677
3,0,2,2,2,0,1,1,3,0,3,1,0,1,3,0,2,1,1,0,0,0,0,2,-0.7587815691279653,6692
1,1,0,2,3,0,3,3,1,3,1,2,3,0,0,3,1,1,1,3,2,3,0,3,-0.7275957726536071,6709
0,1,0,2,0,0,2,3,2,0,1,2,0,1,1,1,1,2,0,0,3,3,3,0,-0.7743480372904068,6723
3,0,2,1,1,2,0,3,2,0,1,3,0,1,2,2,0,3,1,0,1,3,2,1,-0.7587821139643658,6739
1,2,2,1,3,1,0,2,1,2,0,0,3,1,2,0,3,1,1,2,3,1,1,2,-0.7155660025596378,6756
2,2,3,0,2,2,1,1,3,3,2,1,2,3,0,3,3,3,0,3,0,1,2,2,-0.43334418888444914,6772
3,2,1,2,0,2,2,1,3,3,3,3,0,1,3,1,2,0,1,1,0,2,1,2,-0.7813303662303759,6789
1,3,2,3,1,3,0,1,1,3,1,0,1,1,3,0,2,0,1,3,0,0,1,1,-0.8295944937221086,6806
0,0,0,0,2,3,1,3,2,2,0,1,1,3,0,2,3,1,1,1,3,1,3,0,-1.0218470791559582,6822
0,0,3,1,0,1,0,0,1,3,2,2,0,3,2,3,1,1,0,0,0,2,1,3,-1.1272110300988982,6837
2,2,3,0,1,0,3,0,1,0,1,2,3,0,2,0,3,3,2,3,2,0,1,3,-0.7587815691279653,6852
0,3,1,1,2,2,1,0,1,0,3,0,0,0,3,0,2,0,3,3,0,2,1,0,-1.1512708679530343,6867
3,0,0,1,0,3,2,3,2,3,2,2,1,3,2,0,2,0,2,0,1,1,1,1,-0.7001707049250323,6883
2,2,0,3,2,1,1,1,2,2,1,1,1,0,3,2,2,1,2,2,0,2,0,2,-0.4284679695754423,6900
0,2,1,1,1,0,3,3,1,3,2,1,1,3,3,3,0,2,2,3,1,0,0,1,-0.6688131629898338,6916
2,2,3,0,2,2,3,1,1,2,2,3,0,0,0,0,2,1,0,0,3,2,0,0,-0.7396255427475766,6931
3,3,0,0,2,0,2,1,0,3,3,3,3,2,3,1,1,2,0,2,3,0,1,1,-0.4284679695754423,6947
2,3,3,0,2,3,1,1,2,1,0,3,2,3,3,0,1,3,2,0,3,1,0,3,-0.7275957726536071,6963
2,1,2,3,2,2,1,1,3,0,2,0,1,3,0,0,2,1,3,0,3,3,2,3,-0.7984085399572326,6979
3,0,1,1,0,0,2,3,3,1,2,3,1,1,2,1,0,1,0,0,3,2,0,3,-0.7587815691279655,6995
0,3,0,0,3,3,0,0,0,3,2,3,1,1,1,1,2,3,3,3,2,3,0,3,-0.45252750976338096,7011
0,1,2,2,3,0,1,2,1,2,0,3,3,2,0,1,3,2,0,3,2,3,2,3,-0.45252750976338124,7027
3,0,3,1,3,2,2,1,2,0,3,2,3,0,0,3,2,3,1,3,1,2,1,3,-0.45252750976338124,7044
2,2,0,2,1,0,0,0,0,1,0,0,1,1,0,1,1,2,3,3,1,0,3,1,-0.7275957726536071,7058
3,1,0,2,0,0,2,2,2,2,0,0,2,2,0,0,3,2,1,2,1,0,0,2,-0.8348367887937699,7073
3,3,2,2,2,3,3,2,3,1,1,3,2,2,0,0,2,0,1,0,1,0,3,1,-1.0218470791559582,7089
1,0,2,1,3,0,0,2,3,3,1,0,3,0,2,3,3,2,3,1,2,0,2,2,-1.021847356422765,7106
0,2,3,1,3,3,0,2,3,0,1,3,2,1,3,0,0,3,2,1,3,3,0,1,-0.4284679695754423,7122
2,3,1,3,2,0,0,3,3,3,1,3,1,3,0,0,0,1,0,2,3,2,3,3,-0.7914259337504566,7139
3,3,0,3,2,2,0,1,2,0,3,0,0,3,1,2,2,3,2,0,2,3,3,0,-0.7275957726536071,7154
0,2,2,2,3,2,0,0,3,3,0,3,1,3,1,0,2,1,3,0,2,2,2,1,-0.7275957726536071,7170
0,1,2,3,1,1,2,3,0,1,1,0,3,0,3,2,3,0,1,1,0,0,1,1,-0.6808435080168074,7186
1,0,3,0,3,2,1,0,0,3,0,2,0,1,0,3,2,0,0,1,2,0,2,2,-0.6964094313428484,7201
2,1,0,1,2,0,1,3,0,3,1,0,0,2,0,1,3,2,2,0,0,2,3,0,-1.026723575731772,7216
2,3,3,1,2,2,1,3,2,3,0,2,3,0,1,3,3,2,3,2,1,3,0,1,-0.7155660025596375,7232
1,0,1,1,0,0,3,3,1,3,2,0,3,3,2,1,1,2,2,0,3,2,3,3,-0.4214856406354732,7249
3,0,3,3,0,2,2,0,1,2,1,2,0,2,2,1,2,3,1,2,2,3,0,3,-0.7001707049250323,7265
0,2,2,0,0,1,2,1,2,0,3,3,3,3,2,1,2,1,1,0,3,3,1,3,-1.0267235757317719,7281
1,3,3,2,2,3,2,2,0,1,2,3,1,3,1,1,2,2,2,1,2,0,2,3,-1.021847356422765,7298
0,0,2,0,2,1,1,2,1,1,3,2,0,0,2,3,1,2,1,2,2,3,0,2,-0.8172257850735102,7314
1,1,3,3,1,3,1,2,1,1,1,2,0,2,1,1,1,1,3,2,3,3,3,3,-0.7275957726536071,7332
3,1,2,0,0,0,0,2,2,0,0,0,0,2,0,3,3,1,1,0,3,1,2,3,-0.6932116417324016,7347
2,1,2,1,3,0,1,2,0,3,0,3,3,2,3,2,3,1,2,0,0,2,2,0,-0.6964094313428484,7363
1,2,2,0,3,1,2,3,1,2,0,0,0,2,2,2,1,0,0,3,1,0,3,2,-0.7155660025596375,7378
2,0,0,1,1,3,3,2,2,0,0,0,1,0,2,0,0,2,1,0,2,0,1,0,-1.615226466003281,7392
2,2,2,0,1,1,1,0,3,3,1,1,2,0,1,2,2,2,1,0,0,0,3,2,-0.7708113392219349,7407
3,1,1,1,2,0,1,2,1,2,0,0,2,0,2,1,3,0,3,2,0,2,2,3,-0.7743480372904068,7424
3,1,1,0,0,2,1,2,3,0,2,1,0,2,0,2,2,0,1,2,3,0,3,2,-0.7396255427475764,7439
0,1,0,3,0,0,0,1,3,1,1,1,3,0,1,2,0,1,2,0,3,2,1,3,-0.4284689320543292,7455
3,0,1,1,0,0,1,1,1,2,0,3,2,1,1,2,1,3,0,2,2,2,3,3,-0.7467517990339958,7471
3,2,0,2,0,0,1,3,0,2,3,3,2,0,1,1,3,0,0,2,0,3,3,2,-1.1272104339453404,7486
1,0,0,1,1,1,2,0,1,3,0,3,2,3,0,0,2,2,1,0,0,3,3,0,-1.0218470791559582,7501
0,0,2,2,2,1,2,2,3,1,2,1,3,0,0,0,2,3,2,3,3,2,0,3,-1.0218470791559582,7517
2,3,2,0,1,3,0,1,2,0,1,1,0,1,2,3,3,2,0,2,1,2,2,3,-0.7275957726536071,7532
3,2,1,2,2,3,0,0,2,1,3,3,2,1,3,2,2,1,1,1,1,0,1,3,-0.7275957726536071,7549
0,1,1,0,1,1,1,3,2,1,0,1,2,0,3,0,0,0,1,2,2,3,1,3,-0.8053911461640086,7565
1,3,0,1,1,0,2,3,0,3,0,0,3,2,3,0,3,1,0,3,3,3,0,2,-0.7587815691279653,7580
2,0,1,0,1,0,2,1,2,1,0,2,0,3,2,3,3,3,3,1,3,0,3,0,-0.7275957726536071,7596
0,3,0,0,1,3,2,3,1,0,0,1,2,3,1,1,1,3,0,1,0,3,3,0,-0.7813309623839337,7611
2,0,2,2,1,2,3,0,0,1,1,1,3,3,0,2,3,1,0,0,2,0,2,3,-0.6964094313428484,7626
0,0,0,2,1,0,1,2,3,1,0,1,3,3,0,0,1,0,0,1,0,2,0,2,-1.0218470791559582,7641
3,2,2,0,0,2,3,1,2,3,0,0,1,2,0,1,2,3,3,3,2,0,1,1,-0.7001707049250323,7657
0,1,0,1,3,0,2,3,0,3,2,1,2,0,0,3,2,0,3,2,1,3,1,2,-0.42846828846219326,7672
2,2,0,0,0,2,0,2,2,2,3,3,1,0,2,2,1,3,0,2,0,3,2,1,-0.6964094313428484,7687
1,3,2,3,3,2,3,0,0,1,1,0,3,1,0,2,2,3,2,1,0,2,3,3,-0.42846824684224916,7704
3,0,3,3,3,2,1,1,1,3,0,2,1,0,0,3,1,0,3,0,2,0,3,2,-0.3709725959357325,7720
2,2,0,2,3,2,3,0,0,1,2,2,3,2,3,1,0,1,2,3,3,1,2,2,-0.4284679695754423,7736
2,0,0,1,2,3,0,2,1,1,1,0,1,0,3,3,0,1,0,2,0,2,3,3,-0.6376269789695929,7752
1,3,2,1,3,0,3,1,0,0,0,1,0,3,1,1,2,3,2,0,2,2,3,2,-0.4335116079278873,7767
1,2,3,3,1,0,3,0,0,2,2,1,3,0,3,0,3,3,0,1,0,3,3,2,-0.6377988860266663,7783
1,3,0,3,0,0,1,3,3,3,2,0,2,3,0,1,2,1,1,3,0,2,1,3,-0.4958848867029625,7800
3,2,0,1,0,2,1,0,1,3,1,1,1,1,3,3,0,2,3,2,1,3,2,0,-1.0218470791559582,7816
2,0,2,2,3,1,1,1,3,2,2,0,0,1,0,1,2,0,1,0,3,1,3,0,-0.7743477600236,7831
3,3,3,2,0,0,1,3,1,0,1,3,3,2,2,2,1,2,3,2,3,0,0,0,-0.7275963174900074,7847
1,3,2,3,1,0,1,2,0,0,0,0,1,3,2,3,1,1,0,3,0,2,0,3,-0.6843802060852794,7863
2,2,2,0,0,2,1,0,3,1,2,0,2,0,2,2,0,0,0,1,0,2,3,1,-0.6689843636142736,7877
0,2,1,2,3,2,3,1,1,2,3,2,1,3,3,3,2,0,1,0,0,3,0,3,-0.43334418888444914,7893
3,2,1,2,0,2,0,1,3,2,1,0,1,0,3,1,2,2,1,2,1,1,2,2,-1.0267235757317719,7909
2,3,0,0,2,0,1,1,2,3,2,3,1,3,0,3,1,3,2,2,2,0,2,2,-0.6255972088756233,7925
1,3,0,3,2,3,2,3,2,0,0,1,3,0,0,0,3,3,0,0,1,2,1,0,-0.7672227434828742,7941
1,1,1,0,0,3,1,3,2,3,0,2,3,1,2,3,2,1,0,0,1,0,2,0,-0.6964099761792488,7956
1,2,3,3,1,2,3,0,3,1,1,3,2,0,1,3,0,3,1,3,0,2,1,1,-1.021847356422765,7974
2,1,3,3,1,0,3,1,1,1,2,1,3,0,1,3,3,0,3,0,2,3,2,2,-0.06828022535754844,7991
1,1,1,2,2,3,2,2,0,2,3,0,3,0,2,0,3,0,1,3,2,0,0,1,-0.6843796612488791,8007
1,2,3,1,3,2,0,2,1,0,1,0,0,1,0,2,1,1,2,0,2,0,1,1,-0.7862071816929406,8023
0,0,1,0,1,1,2,1,3,0,1,1,3,0,1,2,3,3,0,1,0,3,2,0,-0.7396255427475764,8038
3,1,3,2,0,2,3,2,3,2,1,3,2,1,3,3,2,1,3,0,0,1,2,1,-0.7275957726536071,8055
1,0,0,1,1,0,1,1,0,2,3,1,2,0,0,1,2,2,2,3,1,2,1,0,-0.7984085399572325,8071
2,0,2,3,2,2,1,3,3,0,1,2,1,1,2,0,1,1,0,1,0,3,0,2,-0.7275957726536071,8087
2,3,3,2,1,3,2,1,2,3,2,1,1,0,1,2,3,1,2,1,3,3,0,1,-0.6808435080168074,8104
2,2,0,1,0,2,0,2,1,3,1,2,1,3,0,1,3,1,2,1,3,3,3,0,-0.6964099761792488,8120
1,3,1,3,0,3,3,3,0,1,1,2,0,1,2,2,0,1,3,1,0,1,2,1,-0.7275957726536071,8138
1,3,1,3,3,0,0,3,0,2,1,3,0,1,1,2,2,2,0,0,2,3,3,2,-1.0218470791559582,8154
0,2,2,1,1,2,0,0,2,2,1,0,3,2,1,2,0,3,3,2,3,3,2,0,-0.4284679695754423,8170
3,2,2,1,0,2,2,0,3,2,0,0,0,1,3,0,0,1,3,0,2,3,3,3,-0.7275957726536071,8186
2,3,1,3,2,0,1,3,1,1,0,1,0,2,0,3,0,0,2,2,2,0,2,1,-0.7396255427475764,8201
3,2,0,1,2,2,3,3,0,2,3,3,1,0,3,3,1,2,0,2,2,2,3,2,-0.3711395214599277,8217
1,3,2,3,3,0,2,3,0,2,0,1,2,2,3,3,1,0,0,3,1,1,0,2,-0.3709717835297386,8233
1,2,2,1,3,1,3,0,3,2,2,1,0,3,3,3,0,1,3,0,1,2,0,1,-1.1512708679530343,8249
0,3,3,3,2,1,2,2,1,0,3,3,3,3,2,1,1,1,1,0,1,2,0,3,-0.4452032916670388,8266
0,1,0,1,2,0,0,1,0,0,2,2,2,3,3,3,2,3,0,0,0,3,0,0,-0.7860394021428074,9285
2,3,2,0,0,0,0,1,1,2,0,1,2,3,3,0,2,3,3,1,3,2,0,0,-0.7984085399572327,10318
0,1,0,1,2,0,0,2,2,1,1,2,2,0,3,2,2,2,0,1,0,3,0,2,-1.7386880987803852,11352
0,2,3,3,0,0,0,0,1,1,0,0,0,0,3,2,2,0,3,0,1,3,0,0,-0.7587821139643658,12385
0,1,0,1,2,0,0,2,2,1,1,2,2,0,3,2,2,2,2,1,0,3,0,1,-0.7860394853826957,13387
3,3,0,0,2,0,0,2,2,1,0,2,3,0,3,2,3,3,0,1,0,3,0,2,-0.6377988860266663,14403
1,2,0,1,3,1,1,0,2,3,1,1,3,3,0,2,0,0,3,1,3,1,3,3,-0.3709725959357325,14540
0,1,0,1,0,0,0,1,2,0,0,1,2,0,3,2,2,2,0,0,0,3,0,1,-0.7860394437627516,15523
0,1,0,1,2,0,0,2,2,2,1,2,2,0,3,2,2,2,0,1,0,3,0,1,-1.2623637920815405,16581
0,2,0,1,2,0,0,2,2,1,1,2,2,0,3,2,2,0,0,1,0,3,2,2,-1.2623637920815405,17633
2,2,0,1,2,2,0,3,3,3,1,0,0,1,2,3,3,0,3,1,3,2,2,0,-1.615226466003281,18658
2,0,0,1,3,2,0,0,3,3,0,0,0,3,3,2,3,0,2,1,3,3,1,0,-1.0218470791559582,19664
3,2,0,2,2,1,0,3,3,0,1,1,0,1,2,3,2,0,3,2,3,3,3,0,-0.6843802060852794,20687
2,2,2,3,1,0,0,0,0,2,0,1,1,1,3,2,2,0,3,2,3,3,1,0,-1.4971512815939376,21685
3,0,0,1,1,1,0,2,0,0,0,0,2,2,3,2,0,0,3,1,3,3,1,0,-0.7984085399572325,22708
1,2,1,1,2,3,0,1,2,2,1,0,0,0,2,3,3,0,3,3,3,2,3,0,-0.08031405429932648,23780
1,0,0,2,1,0,0,3,3,1,0,3,2,2,3,2,2,1,0,3,3,3,0,2,-0.433344466151256,24821
2,2,0,1,2,3,0,3,3,3,1,0,0,0,2,3,3,0,3,1,3,2,2,0,-1.7386880987803852,25767
2,2,0,0,2,1,0,0,3,3,0,0,0,0,2,3,1,0,3,1,2,2,2,0,-0.7860399885991518,26809
2,2,3,0,2,2,0,2,3,0,2,0,0,0,2,3,2,0,3,2,3,2,1,0,-0.09234061774529834,27830
2,2,0,1,2,2,0,2,3,3,1,0,0,0,2,3,3,0,3,1,3,2,2,0,-0.9047925951610379,28892
2,2,0,1,2,3,0,3,3,3,1,0,0,0,2,3,3,0,3,1,3,2,3,0,-1.7386880987803852,29938
2,2,0,1,2,3,0,3,3,3,1,0,0,0,2,3,3,0,3,1,3,2,2,1,-1.7386880987803852,30930
0,1,0,3,2,3,0,3,3,3,1,0,3,0,2,2,3,0,3,3,3,3,0,1,-0.7275957726536071,31975
2,2,0,1,2,3,0,3,3,0,1,0,0,0,2,3,3,0,3,1,3,2,3,0,-1.615226466003281,33027
2,3,0,0,2,3,0,3,3,2,1,0,0,0,2,0,3,0,1,0,3,2,0,0,-0.6964099761792488,34071
0,3,2,0,0,0,2,3,2,1,1,2,2,2,3,0,0,2,2,0,2,0,0,2,-0.7860390562168688,34202
2,2,0,1,2,2,0,3,3,3,1,2,0,0,2,3,3,0,3,1,3,2,3,0,-1.7386880987803852,35221
2,2,0,1,2,3,0,3,1,3,0,1,3,0,3,0,3,0,2,0,2,3,3,1,-0.6843802060852793,36324
2,2,0,1,2,2,0,3,3,3,1,2,0,0,2,3,3,0,3,1,3,0,3,0,-1.7386880987803852,37332
0,1,0,3,2,3,0,3,3,3,0,3,0,0,2,3,3,1,3,1,0,2,1,3,-0.7743483145572136,38337
2,2,0,1,2,3,0,3,3,3,2,2,0,0,2,3,3,0,3,0,3,2,2,0,-0.6450925613565237,39425
0,2,0,1,2,0,0,3,0,3,1,2,0,0,2,3,3,1,3,1,3,1,3,0,-1.7333016504126242,40469
2,0,0,0,2,2,0,3,3,0,0,2,0,0,1,3,0,0,3,1,3,2,3,1,-0.43334418888444914,41515
1,2,0,2,1,3,0,3,1,3,1,0,1,0,2,3,3,0,3,1,3,2,3,0,-1.021847356422765,42585
1,0,0,1,2,0,0,3,3,3,1,2,0,0,0,3,3,1,3,1,3,1,3,0,-1.4917648332261766,43646
1,3,1,2,3,3,1,0,2,1,1,0,3,1,0,1,3,2,1,0,1,0,0,0,-0.7275957726536071,43782
0,0,1,3,0,3,3,0,0,3,2,2,1,1,0,3,1,1,0,1,3,1,1,1,-0.7743480372904068,43918
1,2,0,0,2,1,0,3,0,3,1,0,0,0,3,3,3,0,3,2,3,0,0,1,-0.6689843636142736,45053
2,2,0,1,2,2,0,3,0,3,1,2,0,0,2,3,3,0,1,1,3,0,3,0,-0.42846769230863546,46106
2,2,0,1,2,2,0,3,3,3,1,0,0,0,2,3,3,0,3,1,3,0,2,1,-1.7386880987803852,47130
0,2,0,1,2,2,0,3,1,3,1,0,0,0,2,3,3,0,3,1,3,0,2,1,-1.4917648332261766,48141
2,2,0,1,2,3,0,3,3,2,1,1,0,0,2,3,3,0,3,1,3,2,2,1,-1.615226466003281,49182
2,2,0,1,2,2,0,3,2,3,1,1,0,0,2,3,3,0,3,1,3,2,3,1,-1.615226466003281,50184
2,1,0,0,0,0,0,3,0,3,1,3,0,3,2,3,3,2,3,0,3,3,3,0,-0.7396255427475764,51240
1,2,2,1,3,0,0,2,0,3,2,0,2,2,2,0,0,0,0,3,2,2,2,1,-0.4455454368696653,51379
2,2,0,1,2,2,0,3,3,3,1,2,0,0,2,3,3,0,3,1,3,0,3,2,-1.7386880987803852,52394
2,2,0,1,2,3,0,3,3,3,1,2,0,1,2,3,3,0,3,1,3,0,3,3,-1.615226466003281,53435
2,2,0,1,2,2,0,3,0,3,1,0,0,0,2,3,3,1,3,1,3,0,3,2,-1.4971512815939376,54460
2,2,0,1,2,2,0,3,3,3,1,2,0,0,2,3,0,0,3,1,3,2,3,0,-1.615226466003281,55479
2,2,0,1,2,2,0,3,3,3,1,2,0,0,2,3,3,0,3,1,3,0,2,3,-1.7386880987803852,56491
2,2,0,1,2,2,0,3,3,3,0,2,0,0,2,3,3,0,3,1,3,0,2,0,-0.9047919990074802,57540
0,2,0,1,2,2,0,3,3,3,1,2,0,0,2,2,3,0,3,1,3,0,2,1,-0.904792595161038,58575
2,2,0,1,2,2,0,3,3,3,1,2,1,0,3,3,3,0,3,1,3,0,2,2,-1.0218470791559582,59586
2,2,0,2,2,2,0,3,3,3,1,2,0,0,2,3,3,0,3,1,3,0,2,0,-0.904792595161038,60593
2,2,0,1,2,2,0,3,3,3,1,0,0,0,1,3,3,0,3,1,3,2,2,1,-0.9047919990074802,61605
2,2,0,1,2,2,0,3,3,3,1,3,0,0,2,3,2,0,3,1,3,0,0,2,-1.615226466003281,62622
2,2,0,1,2,3,0,3,3,3,1,0,0,0,2,3,3,3,3,1,3,3,2,0,-1.9748388135250106,63611
1,3,2,1,0,0,1,0,0,2,0,3,2,0,3,1,3,2,1,2,3,2,1,0,-0.8484117388383862,63750
2,2,0,1,2,3,0,3,3,3,1,0,0,2,2,3,3,3,3,1,3,3,2,0,-1.4917651791521152,64783
2,2,3,1,2,3,0,3,3,3,1,0,0,0,3,3,3,3,3,1,3,3,2,0,-0.904792595161038,65842
2,2,0,0,2,3,0,3,3,3,1,0,0,0,2,3,3,2,3,1,3,3,2,0,-0.9047925951610379,66905
2,2,0,1,2,2,0,3,3,3,1,0,0,0,2,3,3,3,3,2,3,3,2,0,-1.7386880987803852,67984
2,0,0,1,2,3,0,3,3,3,1,0,0,0,2,3,3,3,3,1,3,3,2,0,-1.4917644873002378,69042
2,2,0,1,2,3,0,3,3,3,1,0,0,0,2,3,3,3,3,1,0,3,2,0,-1.9748388135250106,70143
2,2,0,1,2,3,0,3,3,3,1,0,0,0,2,3,3,3,3,1,0,3,0,0,-1.9748388135250106,71238
2,2,0,1,2,0,0,3,3,3,1,1,0,0,2,3,3,3,3,1,0,3,0,0,-1.9748388135250106,72320
2,2,0,1,2,0,0,3,0,3,1,1,0,0,2,3,3,3,3,1,0,3,0,0,-1.7333016504126242,73359
2,0,0,1,1,1,0,3,2,1,1,0,0,2,2,3,3,3,3,2,0,3,3,0,-0.7813303662303759,74426
2,2,0,1,2,3,0,3,3,3,2,0,0,0,2,3,3,3,3,1,0,3,0,0,-1.0469279633504562,75498
2,2,0,1,2,3,0,3,3,2,1,0,0,0,2,3,3,3,3,1,0,3,3,0,-1.733301996338563,76582
2,2,0,1,2,1,0,3,3,3,1,0,0,0,2,3,3,3,3,1,0,3,0,0,-1.9748388135250106,77645
2,2,0,1,3,3,3,3,3,3,1,1,0,0,2,3,3,3,3,1,0,0,0,3,-1.9748388135250106,78724
1,3,0,1,3,3,1,3,0,3,1,0,0,0,2,3,3,2,3,3,0,0,2,3,-0.433344466151256,79837
2,2,0,1,3,0,3,3,3,3,1,1,0,0,2,3,3,3,3,1,0,0,0,3,-1.9748388135250106,80878
3,2,0,1,3,2,3,3,3,3,1,0,0,0,2,3,3,3,3,1,1,2,0,0,-1.7386880987803852,81961
1,2,0,1,2,3,1,3,3,3,1,0,0,0,2,3,0,3,3,1,0,3,0,0,-1.615226466003281,83067
2,3,0,1,2,3,0,3,3,3,1,1,0,0,2,3,3,3,3,1,0,3,2,0,-1.7333016504126242,84129
2,2,0,1,3,1,2,3,3,3,1,0,0,1,3,3,3,3,3,0,0,0,2,3,-1.021847356422765,85251
2,0,0,1,3,3,3,3,3,3,1,1,0,0,2,3,2,3,3,1,0,2,0,3,-0.7572695862967433,86302
2,1,0,1,2,3,0,3,3,3,1,3,0,0,2,3,3,3,3,2,0,0,0,3,-1.615226466003281,87401
2,2,0,1,3,3,0,3,3,3,1,1,1,0,2,3,3,3,3,1,0,3,0,3,-1.7333016504126242,88465
2,2,0,1,3,1,3,3,3,3,1,1,0,0,2,3,3,3,3,2,0,0,0,3,-1.7386880987803852,89519
2,2,0,1,2,0,1,1,3,0,1,1,0,0,1,3,3,3,3,1,0,0,0,3,-0.7743483145572136,90585
2,2,0,1,2,3,1,3,3,3,1,0,0,0,2,3,3,3,3,1,0,3,2,0,-1.9748388135250106,91670
2,2,0,1,3,3,3,3,2,3,1,0,0,0,2,3,3,3,3,1,0,0,0,3,-1.7333016504126242,92711
2,2,0,1,2,3,1,3,3,1,1,0,0,0,2,3,3,3,3,1,0,3,0,0,-1.4917651791521152,93767
2,2,0,1,0,3,1,3,3,3,1,0,0,0,2,3,3,3,3,1,0,3,2,0,-1.9748388135250106,94817
0,2,0,1,0,3,3,3,3,3,1,1,0,0,2,3,3,3,3,1,0,0,0,3,-1.5025373840357599,95838
2,2,0,1,2,0,0,3,3,3,1,1,0,0,2,3,3,3,3,3,1,3,0,0,-1.5025373840357599,96885
2,2,0,0,0,3,1,3,3,3,1,0,0,0,2,3,3,3,3,1,0,3,1,0,-0.9988079417162452,97979
2,2,0,1,0,3,1,3,3,3,1,0,0,0,2,3,3,3,3,1,0,3,1,0,-1.9748388135250106,99064
2,2,0,1,2,3,0,3,3,3,1,0,0,0,2,3,3,3,3,0,0,3,0,0,-1.7386880987803852,100130
2,2,3,0,3,2,1,3,3,3,3,0,0,3,3,3,2,3,1,3,0,1,3,2,-0.7587821139643658,100279
2,2,0,1,0,3,1,3,3,3,1,0,0,0,2,3,3,2,3,1,0,3,2,0,-1.7386880987803852,101351
2,2,0,1,2,0,2,3,3,3,1,0,0,0,2,3,2,3,3,1,0,3,2,0,-1.7333016504126242,102398
2,3,0,1,3,0,3,3,3,3,1,2,0,0,2,3,3,0,3,1,0,0,0,3,-1.2623637920815405,103430
2,2,0,2,0,3,1,3,3,3,1,0,0,0,2,3,3,3,3,1,0,3,2,0,-0.9988079417162452,104510
2,2,0,1,0,0,0,3,3,3,1,1,0,0,2,3,3,3,3,0,0,3,0,3,-1.7386880987803852,105558
0,2,0,1,3,0,3,3,3,3,1,3,0,0,2,3,3,3,3,1,0,0,0,3,-1.5025373840357599,106591
2,2,0,1,0,3,1,3,3,3,1,0,1,0,2,3,3,3,3,1,1,3,2,0,-1.7333016504126242,107627
2,3,0,1,0,0,1,3,3,3,1,0,0,0,2,3,3,3,3,2,0,3,1,0,-1.615226466003281,108685
2,2,0,1,3,0,3,3,3,3,1,1,1,0,2,3,3,3,3,1,0,0,0,3,-1.7333016504126242,109724
2,2,0,1,2,3,0,3,3,3,0,0,0,0,2,3,3,3,3,1,0,3,2,0,-1.0469279633504562,110744
2,2,0,1,0,3,1,3,3,3,1,0,0,0,0,3,3,3,3,1,0,3,1,0,-0.11901711317590191,111807
2,2,0,1,2,3,0,3,3,3,1,0,0,0,2,3,3,3,3,3,0,3,2,0,-1.5025373840357599,112860
2,1,0,1,3,3,1,3,3,3,1,0,0,0,2,3,3,3,3,1,0,3,1,1,-1.7333016504126242,113917
2,2,0,1,2,3,1,3,3,3,1,0,0,1,2,3,3,3,3,1,0,3,0,0,-1.733301996338563,114969
2,2,0,1,0,3,1,3,0,3,1,2,0,0,2,3,3,3,3,0,1,3,2,0,-1.2623637920815403,116026
2,1,0,1,2,0,0,3,3,3,1,1,0,0,2,3,3,3,3,1,0,3,0,0,-1.7333016504126242,117072
2,2,0,1,0,0,3,3,3,3,1,1,0,3,2,3,3,3,3,1,0,0,1,0,-1.733301996338563,118109
2,2,0,1,2,3,0,3,3,3,1,0,2,0,2,3,0,3,3,1,3,3,0,0,-1.7333016504126242,119163
2,2,0,1,3,0,0,3,3,3,1,0,0,0,2,3,3,2,3,1,3,3,2,0,-1.7386880987803852,120240
2,2,0,1,3,3,3,3,3,3,1,1,0,0,2,3,2,3,3,2,2,0,0,0,-1.2623637920815403,121311
2,2,0,1,3,3,3,3,3,3,1,1,0,0,2,3,3,2,3,1,0,0,0,3,-1.7386880987803852,122347
2,2,0,1,3,0,3,3,3,2,1,1,0,0,2,3,3,3,3,1,0,0,0,3,-1.733301996338563,123408
2,2,0,1,0,1,1,3,3,3,1,0,0,0,2,3,3,3,3,1,0,3,2,0,-1.9748388135250106,124465
2,2,0,1,2,3,1,3,3,3,1,0,0,0,2,3,3,3,0,1,0,0,2,0,-1.7333016504126242,125524
2,1,0,1,2,1,3,3,3,3,1,0,0,0,2,3,0,3,3,0,0,0,2,3,-1.0218470791559582,126606
1,1,3,3,0,2,0,2,2,3,1,2,2,0,3,1,2,0,3,0,0,1,3,2,-0.43334418888444914,126762
2,2,0,1,2,1,0,3,3,3,1,1,0,0,2,3,3,3,3,1,0,1,0,0,-1.9748388135250106,127831
2,2,0,1,3,3,3,3,3,3,1,1,0,0,2,3,3,3,1,1,0,0,0,3,-1.4917644873002378,128939
2,2,0,1,1,3,1,3,3,3,1,2,0,0,2,3,3,3,3,1,0,3,1,0,-1.9748388135250106,129980
2,2,0,1,2,3,0,3,3,3,1,0,0,0,2,3,3,3,2,1,0,3,2,0,-1.7333016504126242,131042
1,3,0,1,2,1,0,3,3,3,1,0,0,0,2,3,3,3,3,1,0,0,2,1,-1.2623637920815405,132092
3,2,0,1,1,1,0,3,3,3,1,0,0,0,2,3,3,3,3,1,0,1,0,0,-1.7386880987803852,133137
2,2,0,1,2,3,0,3,3,3,1,0,0,0,2,3,3,2,0,1,1,3,0,0,-1.2623637920815405,134204
2,2,0,1,3,2,0,3,3,3,1,2,0,0,2,3,3,3,2,1,0,0,0,0,-1.7333016504126242,135262
1,1,2,2,3,3,3,0,1,3,3,1,3,1,2,1,0,2,1,0,0,0,0,3,-0.79840815241135,135418
2,2,0,1,1,1,1,3,3,3,1,2,3,0,2,3,3,3,3,1,0,1,2,0,-1.7333016504126242,136499
0,3,2,2,1,2,3,2,1,0,0,3,0,1,2,2,3,0,2,3,2,1,0,0,-0.42846769230863546,136655
0,2,0,1,3,0,3,3,0,3,0,1,1,2,1,3,3,1,3,1,0,0,0,0,-1.1272104339453404,137698
2,2,0,1,3,3,3,3,3,3,1,3,0,0,2,3,3,3,2,1,3,3,2,2,-1.7333016504126242,138729
2,1,2,0,2,3,2,2,1,1,2,0,2,2,1,0,3,1,3,3,1,2,3,0,-0.43334418888444914,138885
1,0,1,0,1,1,1,2,2,2,1,2,0,0,0,1,3,1,3,3,2,3,0,2,-0.6964094313428484,139047
2,2,0,1,0,3,0,3,3,3,1,0,0,0,2,3,3,3,2,1,1,2,2,1,-1.7333016504126242,140137
2,2,0,1,0,3,1,3,3,3,1,2,0,0,2,3,3,3,2,0,0,3,2,0,-1.615226466003281,141196
2,2,0,1,2,0,0,0,1,3,1,3,0,0,2,3,3,3,3,1,2,3,0,0,-0.7860390562168688,142304
2,2,2,1,0,3,1,3,3,3,1,0,0,0,2,3,3,3,3,1,0,2,2,0,-1.5025373840357599,143382
1,1,3,2,2,2,1,1,3,3,0,0,2,0,0,2,1,1,2,0,3,1,1,0,-0.7275957726536071,143539
2,2,0,1,2,3,1,3,3,3,1,0,0,0,2,3,3,3,3,1,0,3,0,0,-1.9748388135250106,144599
2,2,0,1,2,1,1,3,3,3,1,1,0,0,2,3,3,3,3,1,0,3,0,3,-1.9748388135250106,145709
2,2,0,1,0,3,3,3,3,3,1,1,0,0,2,3,3,3,3,1,0,0,0,0,-1.9748388135250106,146797
2,2,0,1,2,1,0,3,3,3,1,2,0,0,2,3,3,3,3,1,0,3,0,0,-1.9748388135250106,147836
2,2,0,1,1,3,3,3,3,3,1,1,0,0,2,3,3,0,3,3,0,0,1,3,-0.7961273166211993,148921
2,2,0,1,2,0,0,3,3,3,1,2,0,0,2,3,3,3,3,1,0,3,0,1,-1.9748388135250106,149966
2,2,0,1,1,3,3,3,3,3,1,1,0,0,2,3,3,3,3,1,0,2,1,0,-1.9748388135250106,151047
2,2,0,1,3,1,1,3,3,3,1,0,0,0,2,3,3,3,2,1,0,1,0,1,-1.7333016504126242,152139
2,2,0,1,2,3,2,3,3,3,1,0,0,0,2,3,3,3,3,1,0,3,0,0,-1.9748388135250106,153224
2,2,0,1,0,3,1,3,3,3,1,0,0,0,2,3,3,3,3,1,0,3,1,1,-1.9748388135250106,154277
2,2,0,1,1,3,1,3,3,3,1,0,0,0,2,3,3,3,3,1,0,3,2,0,-1.9748388135250106,155323
2,2,0,1,3,0,3,3,3,3,1,1,0,1,2,3,3,3,2,1,1,0,0,3,-1.2693463982883164,156384
2,2,0,1,2,0,0,2,3,3,1,1,0,0,2,3,3,3,3,1,0,2,0,0,-0.9988079417162452,157451
2,2,0,1,0,0,1,3,3,3,1,0,0,0,2,3,3,3,3,1,0,2,0,2,-1.9748388135250106,158518
2,2,0,1,0,0,0,3,3,3,1,0,0,0,3,3,3,3,3,1,0,3,0,0,-1.0469279633504562,159624
1,1,3,2,1,0,3,0,3,2,3,3,0,2,3,2,0,3,3,0,1,0,2,1,-0.6843802060852793,159781
2,2,0,1,0,3,1,3,3,2,1,0,0,0,2,3,3,3,3,1,0,0,0,1,-1.733301996338563,160883
2,0,0,1,0,0,3,3,3,3,1,1,0,0,2,3,3,3,3,0,0,0,0,3,-1.4917648332261766,161948
2,1,0,1,1,3,3,3,3,3,1,1,0,1,2,3,3,3,3,1,0,0,0,3,-1.2693463982883164,163013
2,2,0,1,0,1,1,3,3,3,1,0,0,0,2,3,3,3,3,1,0,3,1,3,-1.9748388135250106,164088
2,2,0,1,0,3,1,3,3,3,1,2,0,0,2,3,3,3,3,1,0,3,2,0,-1.9748388135250106,165150
2,1,3,3,1,1,0,1,1,2,1,0,1,2,3,2,0,1,0,0,2,3,0,3,-0.7275957726536071,165311
2,2,0,1,2,3,1,3,2,3,1,3,0,0,2,3,3,3,3,1,0,3,0,0,-1.7333016504126242,166335
2,2,0,1,0,3,1,3,3,3,1,0,0,0,1,3,3,3,3,1,0,3,1,0,-1.0469279633504562,167446
3,2,0,1,3,0,3,3,1,3,1,1,0,0,2,3,3,3,3,1,0,0,0,3,-1.4917648332261766,168534
2,2,0,1,2,3,1,3,3,3,1,1,0,0,2,3,3,3,3,1,1,0,0,3,-1.9748388135250106,169611
1,2,3,0,0,1,1,0,1,1,0,3,3,0,3,2,3,2,2,0,0,2,1,1,-1.0218470791559582,169771
2,2,0,1,0,0,1,3,3,3,1,0,0,0,2,3,3,3,3,1,0,3,2,0,-1.9748388135250106,170828
2,2,0,1,0,3,1,3,3,3,1,1,0,0,2,3,3,3,3,1,2,0,0,3,-1.9748388135250106,171905
2,2,0,1,3,3,3,3,3,0,1,1,0,0,2,3,3,3,3,1,0,0,0,0,-1.733301996338563,172958
2,2,0,1,2,1,1,3,3,3,1,0,0,0,2,3,3,3,3,1,0,0,0,2,-1.9748388135250106,173996
2,2,0,1,0,0,1,3,3,3,1,0,0,0,2,3,3,3,3,1,0,3,1,0,-1.9748388135250106,175048
2,2,0,1,2,3,3,3,3,3,1,2,0,0,2,3,3,3,3,1,1,0,0,3,-1.9748388135250106,176115
2,2,0,1,2,1,0,3,3,3,1,0,0,0,2,3,3,3,3,1,1,3,0,0,-1.9748388135250106,177196
2,2,0,1,2,3,3,3,3,3,1,1,1,0,2,3,3,3,3,1,3,0,0,3,-1.7333016504126242,178258
2,2,1,1,0,0,3,3,3,3,1,0,0,0,2,3,3,3,3,1,2,3,1,0,-1.7386880987803852,179383
2,2,0,1,2,0,3,3,3,3,1,1,0,0,2,0,3,3,3,1,1,3,1,0,-0.9988079417162452,180442
2,2,0,1,0,3,0,3,3,3,1,3,0,0,2,3,3,3,3,1,0,1,0,0,-1.9748388135250106,181485
2,2,0,1,0,1,2,3,3,3,1,0,3,2,2,3,3,3,2,1,0,0,0,0,-0.7984085399572327,182517
2,2,0,1,0,3,0,3,3,3,1,2,0,0,2,3,3,3,3,1,0,0,0,0,-1.9748388135250106,183582
3,1,0,1,3,3,0,2,3,3,3,1,1,2,1,3,3,2,2,0,3,0,0,0,-0.7275957726536071,183743
2,2,1,1,1,3,0,3,3,3,1,0,0,0,2,3,3,3,3,1,1,2,3,0,-1.7386880987803852,184803
2,2,0,1,1,3,1,3,3,3,1,0,0,0,2,3,3,3,3,1,1,0,2,0,-1.9748388135250106,185876
2,2,0,1,0,3,0,3,3,3,1,2,0,0,2,3,0,3,3,1,0,3,1,3,-1.7333016504126242,186948
2,2,0,1,2,2,0,3,3,3,1,0,0,0,2,3,3,3,3,1,0,3,0,0,-1.9748388135250106,188018
2,2,1,1,2,3,0,3,2,3,1,0,0,0,2,3,3,3,3,1,3,0,0,2,-1.2623637920815403,189094
2,2,1,1,0,3,2,3,3,3,1,0,0,0,2,3,0,0,3,1,0,3,1,0,-1.0267235757317719,190166
2,2,0,1,2,0,1,3,3,3,1,0,0,0,2,3,3,3,3,1,1,3,0,0,-1.9748388135250106,191260
2,2,0,1,3,0,0,3,3,2,1,1,0,0,2,3,3,3,3,1,1,0,3,0,-1.733301996338563,192352
2,2,0,1,3,2,3,3,3,2,1,1,0,0,2,3,3,3,2,2,2,0,2,3,-1.021847356422765,193421
2,2,0,1,0,3,3,3,3,3,1,1,0,0,2,3,3,3,3,1,1,0,2,3,-1.9748388135250106,194523
0,2,2,3,0,1,1,1,0,3,2,2,1,0,2,1,1,3,3,2,0,3,1,1,-0.7862068628061897,194691
2,2,0,1,3,3,3,3,3,3,1,3,0,0,2,3,3,3,3,0,2,0,0,3,-1.7386880987803852,195754
1,0,2,0,1,1,1,3,2,3,0,1,0,2,3,2,3,3,2,1,1,0,3,3,-0.433344466151256,195919
2,2,0,1,0,3,1,3,3,3,1,0,0,1,2,3,3,3,3,1,0,3,1,0,-1.733301996338563,197022
2,2,0,1,3,0,0,3,3,3,1,1,0,0,2,3,3,3,3,0,0,1,0,3,-1.7386880987803852,198161
2,2,1,1,2,1,0,3,3,3,1,0,0,0,2,3,3,3,3,1,0,0,0,0,-1.7386880987803852,199237
2,2,1,1,0,1,0,3,3,3,1,0,0,0,2,3,3,3,1,3,3,1,2,1,-1.4917648332261766,200385
2,2,1,1,3,0,3,3,3,2,1,1,0,0,2,3,3,3,3,1,0,1,0,3,-1.2623637504615963,201467
2,2,3,1,2,1,1,3,3,3,1,0,0,0,2,3,3,0,3,1,1,3,2,0,-1.2674077077007921,202543
2,3,0,1,3,0,2,3,2,3,1,1,0,0,2,3,3,3,3,1,1,3,0,0,-1.2452856183546837,203681
0,2,1,0,1,1,2,3,2,2,1,0,0,0,2,3,3,3,3,1,0,3,3,0,-0.7587821139643658,204759
2,2,0,1,1,3,1,3,3,3,1,0,0,0,2,3,1,3,1,1,0,3,2,0,-0.02277468529324858,205834
2,0,1,2,1,1,1,2,3,0,2,1,3,2,0,3,2,3,3,1,0,3,0,0,-0.4284679695754423,206000
0,3,2,1,1,3,2,0,2,1,0,1,3,2,1,0,1,1,1,0,2,3,2,0,-0.6808435080168074,206165
2,2,0,1,0,3,1,3,3,3,1,0,0,0,2,3,0,3,3,1,1,3,1,0,-1.7333016504126242,207284
2,1,0,1,2,3,1,3,3,3,1,0,0,0,2,3,3,3,0,1,0,0,1,0,-1.7333016504126242,208368
2,1,2,1,1,3,1,0,2,1,0,2,1,0,2,2,3,1,0,1,3,2,2,2,-0.433344466151256,208539
3,2,1,1,2,3,0,3,3,3,1,1,0,0,2,3,3,3,3,0,1,3,2,0,-0.7961273166211993,209633
2,2,0,1,0,3,1,3,3,3,1,0,0,0,2,3,3,3,3,1,0,3,1,2,-1.9748388135250106,210697
2,2,0,1,1,3,1,3,3,2,1,0,2,0,2,3,1,3,3,0,1,3,2,1,-1.2623637504615963,211778
2,3,0,3,1,3,0,3,2,3,1,3,0,0,0,3,0,3,3,1,0,3,1,3,-1.4971512815939376,212847
2,2,0,1,0,3,0,3,3,3,1,0,0,0,2,3,3,3,2,1,0,3,3,0,-1.7333016504126242,213925
2,2,0,1,2,3,2,3,3,3,1,0,0,0,2,3,3,3,3,1,0,3,2,0,-1.9748388135250106,215024
2,2,0,1,0,3,1,3,3,3,1,0,0,0,2,3,1,3,3,1,0,3,1,0,-1.4917644873002378,216085
2,3,0,1,2,3,1,3,3,3,1,0,0,0,2,3,3,3,0,1,0,3,2,0,-1.7333016504126242,217217
2,2,0,1,3,0,3,3,3,3,1,1,0,0,2,3,3,3,3,1,3,0,2,3,-1.9748388135250106,218288
3,2,0,1,2,3,1,3,3,3,1,0,1,0,2,3,3,3,1,1,1,3,0,0,-0.42846769230863546,219476
3,2,0,1,3,0,3,3,3,3,1,1,0,0,2,3,3,3,3,1,0,0,0,3,-1.7386880987803852,220539
3,2,0,1,2,0,1,3,3,3,1,0,0,0,2,3,3,3,3,1,0,3,2,0,-1.7386880987803852,221634
2,2,0,1,0,3,1,3,3,3,1,0,0,0,2,3,3,3,0,1,0,0,1,0,-1.7333016504126242,222712
3,2,0,1,0,3,3,3,3,3,1,1,0,0,2,3,3,3,3,1,0,0,0,3,-1.7386880987803852,223788
2,2,0,1,1,3,1,3,3,3,1,1,0,0,2,3,3,2,3,0,2,0,2,0,-1.2674077077007921,224885
0,2,0,1,0,1,1,3,3,3,1,0,0,1,0,3,0,3,3,0,2,3,0,2,-0.45252750976338124,225942
2,2,0,1,2,3,1,3,3,3,1,0,0,0,2,3,3,3,0,1,0,2,2,0,-1.7333016504126242,227080
2,2,2,1,0,0,0,3,3,3,1,1,0,0,2,3,0,3,3,1,1,3,0,0,-0.7914259337504566,228135
2,3,0,1,2,3,0,3,3,3,1,0,0,0,2,3,3,3,1,1,0,3,0,0,-1.7333016504126242,229179
1,2,0,1,0,3,1,3,3,3,0,3,1,0,1,3,0,3,3,1,3,3,2,2,-1.0218470791559582,230265
3,2,0,1,3,0,3,3,3,3,1,1,0,0,2,3,3,3,3,0,3,3,0,3,-1.2674077077007921,231386
2,2,0,1,2,1,3,3,3,3,1,0,0,0,2,3,3,3,3,1,2,3,0,0,-1.9748388135250106,232438
2,2,0,1,0,3,0,3,3,3,1,2,1,0,2,3,0,3,3,1,0,3,2,0,-1.7333016504126242,233516
1,2,2,3,3,3,2,2,3,3,1,2,0,2,0,3,0,2,0,3,0,2,1,0,-0.7155660025596375,233687
1,2,0,1,0,1,1,3,3,3,1,0,0,3,0,3,3,3,3,1,0,1,1,0,-0.42846769230863546,234771
2,2,0,1,0,2,0,3,3,0,1,0,0,0,2,3,1,3,2,2,2,3,3,3,-0.43334418888444914,235857
2,2,0,1,1,3,0,3,3,3,1,0,0,0,2,3,0,3,3,1,0,3,3,0,-1.7333016504126242,236951
2,2,0,1,2,3,0,3,3,3,1,0,0,0,2,3,3,3,3,1,0,3,1,0,-1.9748388135250106,238001
1,0,2,1,1,0,2,3,3,3,0,0,0,0,2,3,1,3,0,0,0,2,1,1,-0.6964094313428484,239101
1,2,0,1,0,0,1,3,3,3,1,0,0,0,2,3,3,3,3,1,0,3,1,0,-1.7386880987803852,240180
2,3,0,1,3,0,0,3,3,3,1,0,2,0,2,3,3,3,1,1,1,0,3,1,-0.7572695862967432,241250
2,2,0,1,3,3,0,3,3,3,1,0,0,0,2,3,3,3,3,1,2,3,2,0,-1.9748388135250106,242328
2,2,0,1,1,3,1,3,3,3,1,0,0,0,2,3,3,3,1,1,0,3,2,0,-1.4917644873002378,243409
2,2,0,1,3,3,1,3,3,3,1,0,3,0,2,3,3,3,3,1,3,3,2,0,-1.7333016504126242,244455
0,2,0,1,2,2,1,3,3,3,1,3,0,3,2,3,3,3,1,1,0,0,1,1,-0.05154458437920098,245545
2,2,0,1,0,0,3,3,3,3,1,1,0,0,2,3,3,3,3,1,3,0,3,3,-1.9748388135250106,246624
2,2,0,1,0,1,3,3,3,3,1,1,0,0,2,3,3,3,3,1,3,0,0,3,-1.9748388135250106,247697
1,2,0,1,2,3,1,3,3,3,1,0,0,0,2,3,3,3,0,1,0,3,2,0,-1.2623637920815405,248801
3,2,0,1,0,3,0,3,3,3,1,0,0,0,2,3,3,3,0,1,0,0,2,0,-1.2623637920815405,249937
2,3,0,1,1,2,1,3,3,3,1,2,0,0,2,3,3,3,0,1,0,1,3,1,-1.4917644873002378,251024
0,2,0,1,2,3,0,3,2,2,1,3,0,0,2,3,2,2,2,0,1,3,1,1,-1.615226466003281,252094
3,1,3,2,1,2,0,3,3,1,0,0,3,1,1,3,2,0,1,1,0,1,0,1,-0.7275957726536071,252273
2,2,0,1,2,1,1,3,2,3,0,0,0,0,2,3,3,3,0,1,0,0,1,0,-1.0218470791559582,253391
0,0,0,2,0,0,2,1,3,0,3,2,2,3,2,2,2,3,0,3,1,1,2,2,-0.7587815691279655,253564
2,2,0,1,2,3,3,3,2,3,1,0,0,0,2,3,3,3,3,1,0,3,2,3,-1.7333016504126242,254621
2,2,0,1,0,1,0,3,3,3,1,3,0,1,2,3,3,3,3,1,0,2,0,0,-1.733301996338563,255715
1,2,0,1,3,3,3,3,2,3,1,2,0,0,2,3,3,3,3,1,2,1,0,3,-1.615226466003281,256829
2,2,0,1,2,3,0,3,1,3,1,0,0,0,2,3,2,3,0,1,0,0,0,0,-1.2452856183546837,257937
3,2,0,1,0,3,0,3,3,3,1,1,0,2,2,3,3,3,3,1,0,0,0,3,-1.4917648332261766,259034
0,2,0,1,0,0,2,3,0,3,1,1,0,0,2,3,0,3,3,1,0,3,0,0,-1.5025373840357599,260124
2,2,0,1,0,3,0,3,3,3,1,1,0,0,2,3,3,3,3,1,0,3,0,3,-1.9748388135250106,261218
2,2,0,1,0,2,1,3,3,3,1,0,0,3,2,3,3,2,3,1,0,3,1,0,-1.615226466003281,262297
2,2,0,1,1,3,3,3,3,3,1,1,0,0,2,3,3,3,3,1,2,0,0,3,-1.9748388135250106,263366
2,3,0,1,2,0,0,3,3,3,1,0,0,0,2,3,3,3,3,1,0,3,0,0,-1.7333016504126242,264433
2,2,0,1,3,3,0,3,3,3,1,0,0,0,2,3,3,3,3,2,2,3,3,0,-1.7386880987803852,265568
2,2,0,1,3,0,0,3,3,3,1,1,0,0,2,3,3,3,3,1,3,0,0,3,-1.9748388135250106,266661
2,2,0,1,2,0,0,3,3,3,1,1,0,0,2,3,3,3,3,1,0,0,0,0,-1.9748388135250106,267739
2,2,0,1,3,1,0,3,3,3,1,1,0,0,2,3,3,3,1,2,0,3,0,0,-1.4917648332261766,268823
0,2,0,1,1,2,1,3,3,3,1,2,0,0,2,3,1,2,2,1,1,3,2,2,-0.7813303662303759,269926
3,3,2,3,0,2,3,1,3,0,0,1,2,1,2,0,3,3,1,3,2,3,1,2,-0.7155660025596375,270104
2,2,0,1,2,2,0,3,3,3,1,3,0,0,2,3,3,3,2,1,0,3,1,0,-1.7333016504126242,271236
2,2,0,1,3,0,3,3,3,3,1,1,0,0,2,3,3,3,3,1,3,1,0,3,-1.9748388135250106,272346
0,0,0,1,2,3,0,3,2,3,1,0,0,0,2,3,3,3,2,1,0,3,1,0,-0.7984085399572327,273502
2,2,0,3,2,1,1,3,3,3,1,0,0,1,2,3,3,3,2,1,0,1,0,0,-0.7743483145572136,274633
2,2,0,1,2,3,1,3,3,3,1,0,0,0,2,3,3,3,3,1,3,3,2,0,-1.9748388135250106,275704
2,2,0,1,2,1,0,3,0,3,1,0,0,0,2,3,3,3,3,2,0,3,0,3,-1.2623637920815403,276768
2,2,0,1,2,0,0,3,3,3,1,1,1,0,2,3,3,3,3,1,3,3,0,0,-1.7333016504126242,277850
2,2,0,1,3,0,3,3,3,3,1,1,0,0,2,3,3,3,3,1,0,3,2,0,-1.9748388135250106,278949
3,0,2,2,0,0,3,0,3,2,0,1,1,1,3,1,1,0,0,2,3,3,1,0,-0.7587821139643658,280052
2,2,0,1,2,2,0,3,3,3,1,0,0,0,2,3,3,3,2,1,3,3,2,0,-1.7333016504126242,281183
2,2,0,1,0,0,0,3,3,3,1,1,0,0,2,3,1,3,3,0,0,3,2,0,-0.7860394853826955,282312
0,1,3,2,1,0,0,0,0,2,0,1,1,1,3,2,1,1,3,3,3,1,0,0,-0.43334446615125605,283375
2,2,0,1,2,3,0,3,3,3,1,3,0,0,2,3,3,3,0,0,0,0,1,0,-1.615226466003281,284496
3,2,0,1,3,3,0,3,3,2,1,0,1,0,2,3,3,3,3,2,2,3,2,0,-1.2674077077007921,285631
1,2,0,1,2,3,1,3,0,3,1,3,3,0,2,3,3,3,3,1,0,1,1,1,-1.615226466003281,286727
2,2,1,1,2,3,1,3,3,1,1,0,0,0,2,3,3,2,3,2,3,2,0,0,-1.4917648332261766,287812
2,2,1,1,1,0,0,3,3,3,1,0,0,0,2,3,3,3,3,2,2,0,0,0,-1.7386880987803852,288905
2,2,0,1,2,3,0,3,3,3,1,0,0,0,2,3,3,3,3,1,0,3,3,0,-1.9748388135250106,289983
2,3,1,1,1,0,3,3,0,3,0,0,0,0,2,3,3,3,3,2,1,1,2,0,-0.829594336431591,291089
2,2,0,1,1,1,2,3,3,3,1,3,0,2,2,3,3,3,3,1,0,2,1,0,-1.4917651791521152,292214
3,2,0,1,3,3,1,3,3,3,1,3,0,0,2,3,3,3,3,1,0,3,0,0,-1.7386880987803852,293320
2,3,2,2,2,1,0,3,3,3,0,0,0,3,2,3,3,0,1,1,3,0,0,1,-0.6377988860266663,294422
1,3,2,1,2,1,1,0,1,1,2,0,0,2,3,0,1,1,0,3,1,0,3,3,-0.9047919990074802,294606
1,2,0,1,0,2,0,3,3,2,1,1,3,1,2,3,3,3,3,1,0,3,0,0,-1.4917648332261766,295695
2,3,0,1,3,1,3,3,3,3,1,1,0,0,2,3,3,3,3,1,3,0,0,3,-1.7333016504126242,296816
3,2,0,1,2,3,0,3,3,3,1,0,0,0,2,3,3,3,3,1,1,3,2,0,-1.7386880987803852,297926
2,2,1,1,2,2,0,3,3,3,1,0,0,0,2,3,3,3,2,1,0,3,0,0,-1.615226466003281,299040
2,2,0,1,0,3,1,3,0,3,1,0,0,0,2,3,0,3,3,1,0,3,2,2,-1.4917644873002378,300135
2,0,0,1,0,3,1,3,3,3,1,0,0,0,2,3,3,3,3,1,3,0,2,0,-1.4917644873002378,301241
2,2,0,1,0,0,3,3,3,2,1,2,0,3,2,3,3,3,3,1,0,0,0,1,-1.733301996338563,302385
2,2,1,1,1,0,0,3,3,3,1,0,0,0,0,3,3,2,3,1,1,0,3,0,-0.07089649538813309,303515
0,2,0,1,0,0,3,3,3,2,1,0,0,3,2,3,3,3,3,1,3,0,3,0,-1.4971509356679988,304582
2,2,0,1,2,1,0,3,3,3,1,3,0,0,2,3,3,3,3,1,0,3,0,0,-1.9748388135250106,305638
2,2,0,1,0,3,0,3,3,3,1,0,0,0,2,3,3,3,3,0,0,3,2,0,-1.7386880987803852,306723
2,2,0,1,3,3,0,3,3,3,1,0,0,0,2,3,3,3,3,1,3,2,2,2,-1.9748388135250106,307844
3,3,0,3,0,3,1,3,3,0,1,1,3,0,2,3,0,3,2,0,3,3,3,0,-0.7708118840583353,308923
2,2,1,0,1,2,0,3,3,3,1,0,0,0,1,3,3,3,3,3,0,3,1,0,-1.7386880987803852,310054
2,2,0,1,0,3,0,3,3,3,1,1,3,0,0,3,0,1,3,1,1,3,1,0,-0.7572695862967433,311226
2,2,0,1,2,0,0,3,3,3,1,3,0,0,2,2,3,3,3,1,0,1,0,0,-0.9988079417162452,312298
3,0,2,1,1,2,2,0,0,2,0,1,3,3,3,1,2,0,2,1,1,1,0,3,-0.4955494108425844,312490
3,2,0,1,2,3,0,3,3,2,1,1,1,0,2,3,0,3,3,1,0,3,3,0,-1.4971509356679988,313659
3,1,1,1,2,3,0,3,3,3,1,0,0,0,2,3,3,3,3,1,3,0,2,0,-1.0267235757317719,314750
0,2,0,1,1,3,1,3,2,3,1,3,0,1,2,3,3,3,3,0,0,3,1,0,-1.0267235757317716,315900
2,2,0,1,0,0,1,3,3,3,1,0,0,0,2,3,3,3,3,0,3,3,2,0,-1.7386880987803852,316978
2,2,1,1,0,0,1,3,3,3,1,0,0,0,1,3,3,3,3,1,0,0,1,0,-0.904792595161038,318103
3,3,1,0,3,0,0,3,3,0,0,0,0,0,0,3,3,3,3,3,0,3,1,0,-0.644753235256012,319256
2,0,1,0,2,0,0,3,2,3,1,0,0,0,1,3,3,0,3,3,0,2,0,0,-0.4284679695754423,320360
2,2,0,1,0,0,0,3,3,0,1,3,0,0,2,3,0,3,3,1,1,3,2,0,-1.615226466003281,321483
2,2,0,1,3,0,0,3,3,3,1,0,0,0,2,3,3,3,3,1,0,3,2,3,-1.9748388135250106,322582
2,2,0,1,2,2,2,3,3,3,1,2,0,0,2,3,3,2,3,1,0,0,3,0,-1.7386880987803852,323686
0,3,1,0,2,0,2,3,3,3,1,0,0,3,2,3,3,3,3,3,0,0,0,0,-0.4284676923086354,324793
3,0,1,0,1,1,3,3,3,3,2,0,1,0,2,3,3,3,3,2,0,1,0,0,-1.615226466003281,325920
0,2,0,1,0,3,3,3,3,0,1,2,0,3,2,3,3,1,3,1,2,0,2,2,-1.733301996338563,327036
2,2,0,1,0,0,3,3,3,3,1,1,2,0,2,3,3,3,3,1,0,0,3,3,-1.4917644873002378,328091
2,0,1,0,0,1,0,3,3,3,1,0,0,0,0,3,3,3,1,2,0,2,0,2,-0.904792595161038,329226
2,2,0,1,0,1,0,3,3,0,1,0,0,3,2,3,3,3,3,1,0,0,0,0,-1.733301996338563,330315
1,2,0,1,3,3,2,3,3,3,1,1,0,0,0,3,0,1,3,1,0,3,3,1,-0.42846769230863546,331412
2,2,0,1,2,0,0,3,3,3,1,1,0,0,2,3,3,3,3,1,2,3,3,0,-1.9748388135250106,332511
2,2,3,3,1,3,0,3,0,0,1,0,3,0,1,3,0,3,3,3,1,2,2,0,-0.4284679695754423,333658
2,2,0,1,3,3,0,3,3,3,1,0,0,3,2,3,3,3,3,2,3,3,2,0,-1.2623637504615963,334757
1,2,0,1,2,0,2,3,3,0,1,3,0,3,2,3,3,1,3,1,0,0,3,1,-1.615226466003281,335894
2,2,0,1,2,3,1,3,0,3,1,0,0,0,2,3,3,0,3,1,0,3,0,0,-1.615226466003281,337009
2,2,0,1,3,0,3,3,3,3,1,1,0,0,2,3,3,3,3,1,0,3,1,3,-1.9748388135250106,338085
0,2,2,0,0,0,3,3,3,3,1,0,0,0,1,3,3,0,3,3,0,2,3,0,-0.637965760233704,339195
2,2,0,3,2,3,0,3,3,3,2,3,0,0,3,3,2,3,0,1,1,2,1,2,-0.433344466151256,340345
0,3,0,1,0,2,0,3,3,3,0,0,0,0,2,3,3,3,2,3,3,2,1,1,-0.10436718119127028,341473
2,2,0,1,2,2,0,3,3,3,1,0,0,0,2,3,3,3,2,1,3,0,0,0,-1.7333016504126242,342594
0,2,0,1,0,3,1,3,3,3,1,0,0,0,2,3,3,1,3,1,0,3,2,1,-1.9748388135250106,343742
2,2,0,1,1,3,0,3,3,3,1,0,1,0,2,3,1,3,3,1,0,3,2,0,-1.7333016504126242,344821
0,2,0,1,0,3,1,3,3,3,1,0,0,0,2,3,3,0,3,1,0,3,2,0,-1.7386880987803852,345928
2,2,0,1,0,0,0,3,3,3,1,3,0,0,2,3,3,3,3,1,0,0,3,0,-1.9748388135250106,347058
0,2,3,1,2,2,0,1,3,2,1,2,3,0,0,3,1,3,2,2,1,3,1,3,-0.7396255427475764,347256
1,2,1,1,1,1,3,3,3,3,1,0,3,0,2,3,3,3,3,3,2,0,0,0,-1.0267235757317719,348345
0,2,0,1,0,0,1,3,2,0,1,3,0,0,2,3,3,0,3,1,0,3,3,1,-1.7333016504126242,349468
0,2,0,1,0,3,0,3,3,3,1,0,0,0,2,3,3,1,3,1,0,2,2,2,-1.9748388135250106,350607
0,3,0,1,1,1,0,3,3,1,1,0,3,1,2,3,1,3,3,1,0,0,3,3,-1.0218470791559582,351745
2,1,0,1,0,3,2,3,3,3,1,3,0,0,2,3,3,3,3,1,1,3,2,0,-1.7333016504126242,352882
3,1,3,3,0,0,0,3,3,3,0,0,0,0,2,3,3,3,3,2,2,1,0,0,-0.7275957726536071,353959
0,2,0,1,0,3,0,3,3,3,1,0,0,0,2,3,3,3,3,1,0,3,2,0,-1.5025373840357599,355055
2,2,0,1,1,3,0,3,3,3,1,0,1,0,2,3,0,2,3,2,0,3,3,0,-1.0267235757317719,356201
2,3,0,1,2,1,1,3,3,3,1,0,0,0,2,3,3,3,0,3,0,3,1,0,-1.4971512815939376,357446
2,3,0,1,3,1,0,3,3,3,1,0,1,0,2,3,2,3,3,1,3,3,0,1,-1.2452856183546837,358631
1,1,2,1,2,0,0,2,0,1,0,0,0,0,3,2,3,0,1,3,3,2,1,0,-1.0218470791559582,359751
2,2,0,1,2,3,1,3,3,3,1,0,0,0,2,3,3,3,0,1,3,3,3,0,-1.7333016504126242,360860
3,0,3,1,1,3,0,2,3,3,1,3,0,1,2,2,1,3,1,3,3,2,3,3,-0.7275957726536071,361057
0,2,0,1,0,2,1,3,3,3,1,3,0,1,2,3,3,1,3,1,1,2,3,1,-1.733301996338563,362229
0,1,0,1,0,3,3,3,3,3,1,0,0,0,2,3,3,1,3,1,0,3,1,0,-1.7333016504126242,363387
2,2,0,1,0,1,1,3,3,3,1,3,0,1,2,3,3,3,3,1,0,0,0,1,-1.733301996338563,364511
0,2,0,1,0,2,0,3,3,2,1,2,1,0,2,3,3,1,3,1,0,1,1,1,-1.615226466003281,365617
2,2,1,1,2,0,0,3,3,3,1,0,0,0,1,3,3,3,3,1,1,3,3,0,-0.904792595161038,366705
2,2,0,1,0,2,3,3,3,3,1,1,0,0,2,3,3,3,3,2,2,0,3,3,-1.7386880987803852,367822
0,2,0,1,2,3,0,3,0,2,1,2,0,0,0,3,3,1,3,1,0,1,3,0,-0.42846769230863546,368924
2,2,0,1,2,3,3,3,2,3,1,1,0,0,2,3,3,3,3,1,0,0,0,0,-1.7333016504126242,370025
0,0,0,1,0,3,1,3,2,0,1,1,1,0,2,3,3,0,3,1,0,2,3,0,-0.09966579832052763,371116
2,2,1,1,1,0,0,0,3,3,1,0,0,0,2,3,3,3,3,0,0,3,1,0,-0.904792595161038,372234
3,1,1,3,1,3,0,3,1,1,1,0,1,0,2,3,3,3,3,3,1,2,3,1,-0.7587821139643658,373324
0,2,0,1,0,3,3,3,2,0,2,0,2,0,2,3,3,2,3,1,0,2,2,0,-0.7984085399572327,374423
0,2,0,1,0,2,0,3,3,3,1,0,0,0,2,3,3,1,3,1,3,3,0,1,-1.9748388135250106,375535
1,0,0,1,2,2,3,3,1,1,1,3,0,1,2,3,3,3,3,1,1,0,1,0,-0.42846769230863546,376671
0,1,0,1,0,3,0,3,3,3,1,0,0,0,2,3,3,1,3,1,0,3,3,1,-1.7333016504126242,377871
0,2,0,2,0,0,0,3,0,2,0,1,0,1,2,3,3,1,3,1,0,2,3,0,-0.6964099761792487,379023
3,2,0,1,3,0,0,3,0,2,1,2,3,0,2,3,3,0,3,0,3,1,3,0,-0.7860394853826955,380075
0,2,0,1,0,3,0,3,3,3,1,2,0,0,2,3,3,1,3,1,0,2,3,1,-1.9748388135250106,381307
0,2,0,0,3,0,0,2,2,0,1,3,0,0,3,3,3,0,3,0,0,3,2,3,-0.7743477600236,382404
2,2,0,1,2,2,0,3,3,3,1,1,0,0,2,3,3,3,2,2,2,3,0,0,-1.615226466003281,383619
0,2,0,1,0,0,0,3,0,0,1,2,0,0,3,3,1,1,3,1,3,0,3,0,-1.0218470791559582,384703
1,2,3,3,3,2,1,3,3,1,2,3,0,1,1,2,0,0,2,0,2,2,2,0,-0.7275957726536071,384905
1,2,0,1,0,0,0,3,3,0,1,3,0,3,2,3,3,3,3,0,0,0,0,0,-1.0267235757317719,386066
2,2,0,1,0,3,1,3,3,3,1,0,0,0,2,3,3,3,3,1,3,3,2,0,-1.9748388135250106,387203
0,0,0,2,2,1,0,3,1,1,0,2,0,1,2,3,0,0,3,0,3,3,2,1,-1.0218470791559582,388314
2,2,0,1,0,3,1,3,3,3,1,0,0,0,2,3,3,3,3,1,0,0,0,3,-1.9748388135250106,389411
0,2,0,3,0,0,3,3,2,2,0,3,3,0,2,3,3,0,1,0,3,3,2,1,-0.43334446615125605,390551
1,2,0,1,0,0,3,3,2,2,1,3,0,0,2,3,3,0,3,1,0,3,3,1,-1.5025373840357599,391701
2,2,0,1,0,0,3,3,3,3,1,3,0,0,2,3,3,1,3,1,0,0,2,3,-1.5025373840357599,392840
2,1,0,1,2,0,0,3,1,3,1,2,0,0,2,3,3,1,3,1,1,1,0,0,-0.8053911461640085,393953
2,2,0,1,2,3,3,3,2,3,1,0,0,0,0,3,3,3,3,1,0,3,0,1,-0.09966579832052763,395020
0,3,0,1,0,3,3,3,3,0,1,3,0,0,2,3,0,3,3,2,3,1,1,3,-0.7275957726536071,396110
2,2,0,1,2,3,3,3,2,3,1,0,0,0,2,3,3,3,3,1,0,3,0,1,-1.7333016504126242,397248
0,3,0,1,2,3,0,3,3,3,1,0,0,0,2,3,3,3,0,1,3,0,2,0,-0.7914259337504567,398359
2,3,0,3,3,2,2,3,2,2,0,3,0,0,2,3,3,0,3,1,0,0,2,0,-0.4957171487727734,399441
2,3,0,2,3,3,2,1,3,3,3,3,0,3,0,2,0,1,0,1,0,3,0,1,-1.0218470791559582,399641
2,0,1,1,1,0,0,0,0,3,0,1,2,3,3,2,2,1,0,3,3,3,3,0,-1.1442882201263145,400732
3,2,0,1,0,3,3,3,0,2,1,0,0,0,1,3,3,3,3,1,0,3,3,1,-0.9047919990074802,401843
2,2,0,1,0,3,0,3,3,3,1,3,0,0,2,3,3,3,3,1,0,0,2,0,-1.9748388135250106,402985
0,2,0,1,2,3,3,3,3,3,1,0,0,3,2,3,3,0,3,1,0,3,0,1,-1.615226466003281,404106
2,2,0,1,0,3,0,3,3,3,1,0,0,0,2,3,3,3,3,1,3,3,2,0,-1.9748388135250106,405249
2,2,0,1,0,0,1,3,3,3,1,0,1,0,2,3,0,3,3,1,0,3,2,0,-1.7333016504126242,406388
2,2,0,1,2,0,0,3,3,3,1,3,0,0,2,3,3,3,3,1,0,0,0,0,-1.9748388135250106,407516
2,1,0,1,1,1,0,0,2,3,1,0,0,2,1,0,0,2,1,0,1,1,3,0,-1.1439460749236878,407716
1,0,0,1,0,3,2,3,3,3,1,0,0,0,2,3,3,0,3,1,0,2,2,2,-0.08031448346515338,408833
1,2,1,0,2,3,1,0,0,1,1,2,3,3,1,3,1,2,2,0,2,1,0,3,-0.7155660025596378,409035
1,1,0,1,1,2,0,3,3,3,1,2,0,0,2,3,3,3,2,1,0,0,3,1,-0.7860394853826957,410157
1,1,0,1,0,3,0,3,3,3,1,0,0,0,2,3,3,0,3,1,0,0,2,3,-0.7914259337504567,411296
0,2,0,1,0,3,0,3,3,3,1,0,0,0,2,3,3,0,3,1,0,1,1,1,-1.7386880987803852,412425
0,2,0,1,0,2,1,3,3,3,1,0,0,0,2,3,3,0,3,1,0,3,2,1,-1.7386880987803852,413510
1,2,0,1,0,3,1,3,3,3,1,1,0,0,2,3,3,1,3,1,0,2,2,3,-1.7386880987803852,414644
0,2,0,1,2,3,0,3,3,3,1,0,0,0,2,3,3,1,3,1,2,3,0,1,-1.9748388135250106,415762
1,2,0,1,0,3,1,3,3,3,1,0,0,0,2,3,3,0,3,1,0,3,1,2,-1.5025373840357599,416884
3,2,0,1,3,3,2,3,3,3,1,2,0,0,2,3,3,0,3,1,0,2,3,3,-1.7386880987803852,418053
2,2,0,1,0,0,1,3,3,3,1,0,1,1,2,3,0,3,3,1,0,3,2,0,-1.615226466003281,419156
0,2,0,1,2,3,1,3,2,0,1,1,0,0,2,3,3,1,3,1,0,2,2,1,-1.615226466003281,420339
2,0,0,1,2,3,0,3,3,3,1,0,0,1,3,3,3,3,0,1,3,3,2,0,-1.4917648332261766,421482
0,0,0,1,2,2,0,3,3,0,1,0,0,0,2,3,3,1,3,1,0,0,0,3,-0.80539080023807,422662
2,1,1,0,2,2,1,3,3,0,1,1,1,0,0,3,3,3,1,3,3,0,0,0,-0.6928732781107767,423769
2,3,1,0,0,0,2,3,3,0,1,0,2,0,3,3,3,2,3,1,0,0,0,0,-0.7275957726536071,424915
2,2,0,1,2,3,0,3,3,3,2,3,0,0,2,3,3,3,2,1,0,3,0,1,-1.2693463982883164,426025
0,2,0,1,2,3,0,3,3,3,1,0,0,0,2,3,3,1,3,1,3,2,2,0,-1.9748388135250106,427177
2,1,0,1,3,0,3,3,3,3,1,1,0,0,2,3,3,3,3,1,0,1,0,3,-1.7333016504126242,428359
1,3,1,1,1,1,1,3,0,1,3,3,1,3,2,0,0,2,1,1,2,3,3,0,-0.7275957726536071,428567
3,2,0,1,0,3,3,3,3,0,1,1,0,0,2,3,3,3,3,1,2,0,0,3,-1.615226466003281,429731
0,1,0,1,0,3,1,3,3,3,1,0,0,0,2,3,3,0,3,1,2,3,3,0,-1.2623637920815405,430863
1,0,3,1,2,1,3,0,2,1,1,3,2,3,0,2,3,3,1,1,0,3,3,1,-0.7396255427475764,431074
2,2,0,1,2,3,3,3,3,3,1,1,0,0,2,3,3,0,3,1,0,1,0,3,-1.7386880987803852,432199
2,2,0,1,0,3,1,3,2,3,1,1,0,0,2,3,3,0,3,1,0,0,0,0,-1.615226466003281,433360
1,2,0,1,2,1,0,3,3,3,1,0,0,0,2,3,3,1,3,1,2,3,0,0,-1.7386880987803852,434502
0,2,0,1,0,3,1,3,3,3,1,0,0,1,2,3,3,1,3,1,1,1,2,1,-1.733301996338563,435655
2,2,0,1,0,3,0,3,3,3,1,0,0,0,2,3,3,3,3,1,0,3,2,0,-1.9748388135250106,436747
0,0,0,1,0,3,0,3,3,3,0,0,1,0,2,3,1,3,3,1,0,3,3,0,-0.9164837243665759,437876
1,2,0,1,0,0,3,3,3,3,1,0,0,0,2,3,3,3,3,1,3,1,2,2,-1.7386880987803852,439003
0,2,0,1,3,3,1,3,3,3,1,0,0,0,2,3,3,1,3,1,2,0,1,2,-1.9748388135250106,440190
2,2,0,1,3,0,0,3,3,3,1,3,0,0,2,3,3,3,3,1,0,0,0,3,-1.9748388135250106,441325
2,0,0,1,2,3,0,3,3,3,0,0,0,0,2,3,3,3,2,0,1,2,3,0,-1.021847356422765,442415
1,2,2,3,2,3,1,0,1,1,2,2,0,0,3,1,3,1,0,3,2,1,1,2,-0.7275957726536071,442628
2,0,0,1,1,1,0,3,3,3,1,1,0,0,2,3,3,0,3,1,1,3,3,1,-0.7860394853826957,443745
2,2,0,1,0,3,3,3,3,3,1,3,0,0,2,3,3,3,3,1,0,3,1,2,-1.9748388135250106,444864
2,2,0,1,0,0,0,3,3,3,1,1,0,0,2,3,3,3,3,1,0,0,2,3,-1.9748388135250106,445969
2,1,0,1,0,3,2,3,3,3,1,0,0,0,2,3,3,3,3,1,0,1,2,0,-1.7333016504126242,447120
2,2,0,1,3,3,1,3,3,3,1,0,0,1,2,3,3,3,1,1,1,3,0,1,-0.80539080023807,448241
2,2,0,1,2,3,3,3,3,3,1,3,0,0,2,3,3,3,3,1,0,3,2,0,-1.9748388135250106,449475
0,2,0,1,2,3,0,3,2,0,1,3,0,0,2,3,2,3,2,0,0,3,2,0,-1.0267235757317719,450633
2,2,0,1,0,3,2,3,3,3,1,3,0,0,2,3,3,3,3,1,0,0,0,3,-1.9748388135250106,451743
1,1,0,3,1,3,0,0,3,0,1,1,0,1,3,1,1,1,2,0,1,0,1,1,-0.6964094313428484,451957
1,2,0,0,3,3,3,3,1,1,1,1,0,0,2,3,1,2,1,0,0,2,0,2,-0.6379663050701043,453116
2,2,0,1,2,0,3,3,3,3,1,3,0,0,2,3,3,3,3,1,0,1,3,0,-1.9748388135250106,454260
2,2,0,1,3,2,0,3,3,3,1,0,0,0,2,3,3,0,3,1,0,1,0,3,-1.7386880987803852,455397
3,1,0,1,3,3,3,3,3,3,1,3,0,0,2,3,3,3,3,1,0,3,0,3,-1.2623637920815405,456557
2,2,0,1,2,1,0,3,0,3,1,2,0,0,1,3,2,3,3,1,0,3,0,0,-1.027576648495082,457721
2,2,0,1,0,3,2,3,3,3,1,0,1,0,2,3,0,1,3,1,1,1,2,2,-1.4971512815939376,458814
2,3,0,1,0,1,3,3,3,1,0,1,1,1,2,3,3,2,3,2,0,0,2,0,-0.7396255427475764,459932
2,3,2,0,0,0,0,0,0,2,0,0,1,2,3,3,2,0,3,2,1,3,3,2,-0.9091585437913466,461019
2,2,0,1,3,3,3,3,2,0,1,0,0,0,2,3,3,3,3,1,0,0,3,0,-1.615226466003281,462184
2,0,0,1,2,3,3,3,3,3,1,0,0,0,0,3,3,3,0,1,0,3,3,0,-0.8053911461640085,463275
1,2,1,2,1,0,3,3,3,3,1,0,0,0,2,3,3,3,2,2,2,3,0,0,-0.7862068628061896,464390
2,1,0,1,0,3,0,3,3,0,1,0,0,1,2,3,3,3,3,1,0,1,2,0,-1.2693463982883164,465559
2,2,0,1,3,3,3,3,3,3,1,3,0,0,2,3,3,3,3,1,0,0,0,3,-1.9748388135250106,466657
2,1,0,0,2,3,1,2,3,2,0,1,0,3,3,3,0,1,2,1,0,2,0,1,-1.0267235757317716,467766
0,2,0,1,2,0,0,3,3,3,1,0,0,0,2,3,3,2,3,2,2,0,3,0,-1.2674077077007921,468936
2,2,0,1,2,0,0,3,3,3,1,0,0,0,2,3,3,3,3,0,0,0,3,0,-1.7386880987803852,470073
2,2,0,1,2,3,3,2,0,0,1,1,3,0,2,3,3,0,3,1,0,1,0,2,-0.7743483145572136,471175
0,2,0,1,0,3,0,3,3,3,1,0,2,1,2,3,1,3,3,1,1,1,3,2,-1.4971509356679988,472276
2,2,0,1,2,3,0,3,3,3,1,2,0,0,2,3,3,3,3,1,0,3,3,3,-1.9748388135250106,473374
2,2,0,1,3,0,3,3,3,3,1,1,0,0,2,3,3,3,3,1,1,0,0,3,-1.9748388135250106,474531
2,1,0,1,3,1,0,3,3,3,1,3,0,0,2,3,3,3,3,1,0,0,2,0,-1.7333016504126242,475652
0,1,0,1,0,1,2,3,3,3,1,0,0,0,2,3,3,2,3,1,3,2,0,1,-1.2623637920815405,476775
2,2,1,1,0,0,0,3,3,3,2,0,0,0,2,3,3,3,3,1,2,3,1,0,-0.904792595161038,477907
1,1,0,1,2,1,0,3,3,3,1,1,1,0,2,3,3,1,3,1,0,3,1,0,-1.0218470791559582,479069
2,2,0,1,3,0,3,3,3,3,1,3,0,0,2,3,3,3,3,1,0,0,0,3,-1.9748388135250106,480193
2,2,0,1,3,3,3,3,3,3,1,1,0,0,2,3,3,3,3,1,0,0,3,3,-1.9748388135250106,481292
2,1,0,1,3,0,1,3,3,3,1,0,2,0,2,3,3,3,3,1,3,1,1,3,-0.7572695862967432,482484
0,3,0,1,2,3,0,3,3,3,1,0,0,0,2,3,3,1,3,1,3,3,0,1,-1.7333016504126242,483648
2,0,0,1,0,3,1,3,3,3,1,2,0,0,2,3,3,1,3,1,0,3,2,0,-0.08031448346515338,484798
0,2,0,1,2,2,3,3,3,3,1,2,0,0,2,3,1,1,3,1,0,3,0,1,-1.4917644873002378,485931
0,2,0,1,0,3,2,3,3,3,1,1,0,0,2,3,3,0,3,1,0,0,3,1,-1.7386880987803852,487119
0,2,0,1,0,0,1,3,2,2,1,1,0,0,2,3,3,0,3,1,0,3,3,2,-1.4971512815939376,488334
2,2,0,1,2,3,0,3,2,3,1,1,0,3,2,3,3,3,3,1,0,3,0,0,-1.615226466003281,489467
2,1,0,1,0,3,1,3,3,3,1,2,0,0,2,3,3,3,3,1,0,0,1,0,-1.7333016504126242,490594
0,2,0,1,2,2,0,3,3,3,1,0,0,0,2,3,3,2,3,1,2,3,0,1,-1.7386880987803852,491746
3,2,2,3,0,3,1,3,0,1,1,2,2,0,2,3,1,1,0,2,1,1,3,2,-0.7275957726536071,491964
2,2,1,0,3,0,0,2,0,1,0,3,1,3,3,2,3,0,3,2,3,3,0,1,-0.6843802060852794,493084
0,2,0,1,0,3,0,1,3,3,1,3,3,0,2,3,0,1,3,1,2,3,0,0,-0.05154534752048978,494236
2,2,0,1,2,3,3,3,2,3,1,0,1,0,2,3,3,1,3,1,0,3,2,2,-1.4971512815939376,495407
2,3,0,2,2,3,0,3,3,3,1,0,0,0,3,3,3,3,0,1,0,3,2,0,-1.021847356422765,496555
2,1,0,1,0,3,1,3,3,3,1,0,0,0,2,3,3,2,3,1,0,1,1,0,-1.2623637920815405,497674
2,3,0,1,3,3,0,3,3,3,1,2,0,0,2,3,3,3,3,1,0,0,0,3,-1.7333016504126242,498849
2,2,0,1,2,3,1,3,2,3,1,0,0,0,2,3,3,3,3,1,0,0,0,0,-1.7333016504126242,499977
1,2,0,1,2,2,3,3,2,3,1,1,0,1,2,3,3,3,3,2,3,0,1,1,-1.0267235757317719,501147
0,2,0,1,0,3,1,3,3,0,1,0,0,0,2,3,1,1,3,1,2,3,2,3,-1.4971509356679988,502300
1,2,0,0,1,3,3,2,3,0,2,3,0,0,2,3,2,2,3,1,1,1,2,1,-0.7467517990339958,503398
3,1,0,1,2,0,0,3,2,1,1,3,2,0,3,2,0,1,0,3,0,3,3,0,-1.0267235757317719,504582
0,2,0,1,0,3,0,3,3,3,1,0,2,0,2,3,3,1,3,1,0,2,2,2,-1.4917644873002378,505742
0,2,0,1,0,0,3,3,3,0,1,3,1,1,2,3,3,2,3,1,2,2,1,1,-1.615226466003281,506878
2,2,0,1,0,3,1,3,3,3,1,0,0,0,2,3,3,3,0,3,0,3,2,0,-1.4971512815939376,508049
0,3,0,1,3,2,3,3,3,0,1,1,3,0,2,3,3,1,3,1,2,0,3,2,-1.0218470791559582,509191
1,2,0,0,3,3,3,2,3,0,3,1,3,0,3,0,0,1,1,2,1,2,2,3,-0.7275957726536071,509413
2,2,0,1,1,1,1,3,3,3,1,1,0,0,2,3,3,1,3,1,2,1,0,0,-1.5025373840357599,510552
0,1,0,0,2,0,3,3,3,1,1,2,2,0,3,3,3,0,3,0,2,1,0,2,-0.7275952278172066,511669
2,0,0,1,3,3,0,3,3,3,1,2,0,0,2,3,3,3,0,1,0,3,2,0,-1.7333016504126242,512844
0,2,0,3,1,3,2,3,2,2,1,3,0,1,0,3,2,2,0,1,1,3,1,0,-1.4971512815939376,513976
2,0,0,1,3,2,2,3,3,3,1,0,0,0,2,3,3,3,2,1,0,3,0,0,-1.7333016504126242,515146
2,0,0,1,0,3,1,3,3,3,1,1,0,0,2,3,3,3,3,1,0,3,1,0,-1.4917644873002378,516249
0,1,1,3,1,2,2,2,3,0,0,0,2,0,0,0,3,0,0,2,0,1,0,3,-1.0267235757317719,516474
1,1,0,1,0,3,3,3,3,3,0,1,1,0,3,3,3,3,3,1,1,2,2,1,-1.0218470791559582,517702
